2026-09-26T13:23:26-03:00
 Container zd-odoo-db-1 Running 
 Container zd-odoo-odoo-run-a566bfb16b13 Creating 
 Container zd-odoo-odoo-run-a566bfb16b13 Created 
2026-09-26 16:23:27,891 1 WARNING ? odoo.tools.config: option addons_path, invalid addons directory '/mnt/extra-addons', skipped 
2026-09-26 16:23:27,891 1 WARNING ? odoo.tools.config: option addons_path, invalid addons directory '/mnt/extra-addons', skipped 
2026-09-26 16:23:27,893 1 WARNING ? odoo.tools.config: missing --http-interface/http_interface, using 0.0.0.0 by default, will change to 127.0.0.1 in 20.0 
2026-09-26 16:23:27,894 1 INFO ? odoo: Odoo version 19.0-20260908 
2026-09-26 16:23:27,894 1 INFO ? odoo: Using configuration file at /etc/odoo/odoo.conf 
2026-09-26 16:23:27,894 1 INFO ? odoo: addons paths: _NamespacePath(['/usr/lib/python3/dist-packages/odoo/addons', '/var/lib/odoo/addons/19.0', '/usr/lib/python3/dist-packages/addons']) 
2026-09-26 16:23:27,894 1 INFO ? odoo: database: odoo@db:5432 
2026-09-26 16:23:28,517 1 INFO odoo odoo.modules.loading: Initializing database odoo 
2026-09-26 16:23:31,275 1 INFO odoo odoo.modules.loading: loading 1 modules... 
2026-09-26 16:23:31,275 1 INFO odoo odoo.modules.loading: Loading module base (1/1) 
2026-09-26 16:23:31,320 1 INFO odoo odoo.registry: module base: creating or updating database tables 
2026-09-26 16:23:31,740 1 INFO odoo odoo.models: Prepare computation of ir.module.module.menus_by_module 
2026-09-26 16:23:31,741 1 INFO odoo odoo.models: Prepare computation of ir.module.module.reports_by_module 
2026-09-26 16:23:31,741 1 INFO odoo odoo.models: Prepare computation of ir.module.module.views_by_module 
2026-09-26 16:23:31,874 1 INFO odoo odoo.models: Prepare computation of res.partner.user_id 
2026-09-26 16:23:31,874 1 INFO odoo odoo.models: Prepare computation of res.partner.commercial_partner_id 
2026-09-26 16:23:31,874 1 INFO odoo odoo.models: Prepare computation of res.partner.complete_name 
2026-09-26 16:23:31,874 1 INFO odoo odoo.models: Prepare computation of res.partner.lang 
2026-09-26 16:23:31,875 1 INFO odoo odoo.models: Prepare computation of res.partner.company_registry 
2026-09-26 16:23:31,876 1 INFO odoo odoo.models: Prepare computation of res.partner.commercial_company_name 
2026-09-26 16:23:31,877 1 INFO odoo odoo.models: Prepare computation of res.partner.properties 
2026-09-26 16:23:31,877 1 INFO odoo odoo.models: Prepare computation of res.partner.partner_share 
2026-09-26 16:23:31,915 1 INFO odoo odoo.models: Prepare computation of res.currency.decimal_places 
2026-09-26 16:23:31,945 1 INFO odoo odoo.models: Prepare computation of res.company.uses_default_logo 
2026-09-26 16:23:31,945 1 INFO odoo odoo.models: Prepare computation of res.company.logo_web 
2026-09-26 16:23:31,947 1 INFO odoo odoo.models: Computing parent_path for table res_company... 
2026-09-26 16:23:31,979 1 INFO odoo odoo.models: Prepare computation of res.users.signature 
2026-09-26 16:23:31,979 1 INFO odoo odoo.models: Prepare computation of res.users.share 
2026-09-26 16:23:34,305 1 INFO odoo odoo.modules.loading: loading base/data/res_bank.xml 
2026-09-26 16:23:34,313 1 INFO odoo odoo.modules.loading: loading base/data/res.lang.csv 
2026-09-26 16:23:34,369 1 INFO odoo odoo.modules.loading: loading base/data/res_lang_data.xml 
2026-09-26 16:23:34,425 1 INFO odoo odoo.modules.loading: loading base/data/res_partner_data.xml 
2026-09-26 16:23:34,509 1 INFO odoo odoo.modules.loading: loading base/data/res_currency_data.xml 
2026-09-26 16:23:35,344 1 INFO odoo odoo.modules.loading: loading base/data/res_company_data.xml 
2026-09-26 16:23:35,357 1 INFO odoo odoo.modules.loading: loading base/data/res_users_data.xml 
2026-09-26 16:23:36,634 1 INFO odoo odoo.modules.loading: loading base/data/report_paperformat_data.xml 
2026-09-26 16:23:36,647 1 INFO odoo odoo.modules.loading: loading base/data/res_country_data.xml 
2026-09-26 16:23:37,608 1 INFO odoo odoo.modules.loading: loading base/data/ir_demo_data.xml 
2026-09-26 16:23:37,629 1 INFO odoo odoo.modules.loading: loading base/security/base_groups.xml 
2026-09-26 16:23:37,943 1 INFO odoo odoo.modules.loading: loading base/security/base_security.xml 
2026-09-26 16:23:38,242 1 INFO odoo odoo.modules.loading: loading base/wizard/wizard_ir_model_menu_create_views.xml 
2026-09-26 16:23:38,264 1 INFO odoo odoo.modules.loading: loading base/views/base_menus.xml 
2026-09-26 16:23:38,368 1 INFO odoo odoo.modules.loading: loading base/views/decimal_precision_views.xml 
2026-09-26 16:23:38,393 1 INFO odoo odoo.modules.loading: loading base/views/res_config_views.xml 
2026-09-26 16:23:38,413 1 INFO odoo odoo.modules.loading: loading base/data/res.country.state.csv 
2026-09-26 16:23:38,930 1 INFO odoo odoo.modules.loading: loading base/views/ir_actions_views.xml 
2026-09-26 16:23:39,162 1 INFO odoo odoo.modules.loading: loading base/views/ir_asset_views.xml 
2026-09-26 16:23:39,196 1 INFO odoo odoo.modules.loading: loading base/views/ir_config_parameter_views.xml 
2026-09-26 16:23:39,227 1 INFO odoo odoo.modules.loading: loading base/views/ir_cron_views.xml 
2026-09-26 16:23:39,311 1 INFO odoo odoo.modules.loading: loading base/views/ir_cron_trigger_views.xml 
2026-09-26 16:23:39,356 1 INFO odoo odoo.modules.loading: loading base/views/ir_filters_views.xml 
2026-09-26 16:23:39,432 1 INFO odoo odoo.modules.loading: loading base/views/ir_mail_server_views.xml 
2026-09-26 16:23:39,491 1 INFO odoo odoo.modules.loading: loading base/views/ir_model_views.xml 
2026-09-26 16:23:39,815 1 INFO odoo odoo.modules.loading: loading base/views/ir_attachment_views.xml 
2026-09-26 16:23:39,848 1 INFO odoo odoo.modules.loading: loading base/views/ir_rule_views.xml 
2026-09-26 16:23:39,879 1 INFO odoo odoo.modules.loading: loading base/views/ir_sequence_views.xml 
2026-09-26 16:23:39,920 1 INFO odoo odoo.modules.loading: loading base/views/ir_ui_menu_views.xml 
2026-09-26 16:23:39,953 1 INFO odoo odoo.modules.loading: loading base/views/ir_ui_view_views.xml 
2026-09-26 16:23:40,076 1 INFO odoo odoo.modules.loading: loading base/views/ir_default_views.xml 
2026-09-26 16:23:40,109 1 INFO odoo odoo.modules.loading: loading base/data/ir_config_parameter_data.xml 
2026-09-26 16:23:40,116 1 INFO odoo odoo.modules.loading: loading base/data/ir_cron_data.xml 
2026-09-26 16:23:40,138 1 INFO odoo odoo.modules.loading: loading base/report/ir_model_report.xml 
2026-09-26 16:23:40,145 1 INFO odoo odoo.modules.loading: loading base/report/ir_model_templates.xml 
2026-09-26 16:23:40,158 1 INFO odoo odoo.modules.loading: loading base/views/ir_logging_views.xml 
2026-09-26 16:23:40,191 1 INFO odoo odoo.modules.loading: loading base/views/ir_qweb_widget_templates.xml 
2026-09-26 16:23:40,216 1 INFO odoo odoo.modules.loading: loading base/views/ir_module_views.xml 
2026-09-26 16:23:40,312 1 INFO odoo odoo.modules.loading: loading base/data/ir_module_category_data.xml 
2026-09-26 16:23:40,379 1 INFO odoo odoo.modules.loading: loading base/data/ir_module_module.xml 
2026-09-26 16:23:40,509 1 INFO odoo odoo.modules.loading: loading base/report/ir_module_reports.xml 
2026-09-26 16:23:40,515 1 INFO odoo odoo.modules.loading: loading base/report/ir_module_report_templates.xml 
2026-09-26 16:23:40,530 1 INFO odoo odoo.modules.loading: loading base/wizard/base_module_update_views.xml 
2026-09-26 16:23:40,567 1 INFO odoo odoo.modules.loading: loading base/wizard/base_language_install_views.xml 
2026-09-26 16:23:40,613 1 INFO odoo odoo.modules.loading: loading base/wizard/base_import_language_views.xml 
2026-09-26 16:23:40,638 1 INFO odoo odoo.modules.loading: loading base/wizard/base_module_upgrade_views.xml 
2026-09-26 16:23:40,680 1 INFO odoo odoo.modules.loading: loading base/wizard/base_module_uninstall_views.xml 
2026-09-26 16:23:40,703 1 INFO odoo odoo.modules.loading: loading base/wizard/base_export_language_views.xml 
2026-09-26 16:23:40,729 1 INFO odoo odoo.modules.loading: loading base/wizard/base_partner_merge_views.xml 
2026-09-26 16:23:40,765 1 INFO odoo odoo.modules.loading: loading base/data/ir_demo_failure_data.xml 
2026-09-26 16:23:40,805 1 INFO odoo odoo.modules.loading: loading base/views/ir_profile_views.xml 
2026-09-26 16:23:40,862 1 INFO odoo odoo.modules.loading: loading base/views/res_company_views.xml 
2026-09-26 16:23:40,912 1 INFO odoo odoo.modules.loading: loading base/views/res_lang_views.xml 
2026-09-26 16:23:40,956 1 INFO odoo odoo.modules.loading: loading base/views/res_partner_views.xml 
2026-09-26 16:23:41,117 1 INFO odoo odoo.modules.loading: loading base/views/res_bank_views.xml 
2026-09-26 16:23:41,178 1 INFO odoo odoo.modules.loading: loading base/views/res_country_views.xml 
2026-09-26 16:23:41,252 1 INFO odoo odoo.modules.loading: loading base/views/res_currency_views.xml 
2026-09-26 16:23:41,313 1 INFO odoo odoo.modules.loading: loading base/views/res_groups_views.xml 
2026-09-26 16:23:41,387 1 INFO odoo odoo.modules.loading: loading base/views/res_users_views.xml 
2026-09-26 16:23:41,546 1 INFO odoo odoo.modules.loading: loading base/views/res_users_apikeys_views.xml 
2026-09-26 16:23:41,556 1 INFO odoo odoo.modules.loading: loading base/views/res_device_views.xml 
2026-09-26 16:23:41,609 1 INFO odoo odoo.modules.loading: loading base/views/res_users_identitycheck_views.xml 
2026-09-26 16:23:41,652 1 INFO odoo odoo.modules.loading: loading base/views/res_config_settings_views.xml 
2026-09-26 16:23:41,677 1 INFO odoo odoo.modules.loading: loading base/views/report_paperformat_views.xml 
2026-09-26 16:23:41,732 1 INFO odoo odoo.modules.loading: loading base/security/ir.model.access.csv 
2026-09-26 16:23:41,858 1 INFO odoo odoo.modules.loading: Module base: loading demo 
2026-09-26 16:23:41,858 1 INFO odoo odoo.modules.loading: loading base/data/res_users_demo.xml 
2026-09-26 16:23:44,383 1 INFO odoo odoo.modules.loading: loading base/data/res_partner_bank_demo.xml 
2026-09-26 16:23:44,395 1 INFO odoo odoo.modules.loading: loading base/data/res_currency_demo.xml 
2026-09-26 16:23:44,413 1 INFO odoo odoo.modules.loading: loading base/data/res_currency_rate_demo.xml 
2026-09-26 16:23:44,866 1 INFO odoo odoo.modules.loading: loading base/data/res_bank_demo.xml 
2026-09-26 16:23:44,875 1 INFO odoo odoo.modules.loading: loading base/data/res_partner_demo.xml 
2026-09-26 16:23:45,159 1 INFO odoo odoo.modules.loading: loading base/data/res_partner_image_demo.xml 
2026-09-26 16:23:45,894 1 INFO odoo odoo.modules.loading: Module base loaded in 14.62s, 9537 queries (+9537 other) 
2026-09-26 16:23:45,894 1 INFO odoo odoo.modules.loading: 1 modules loaded in 14.62s, 9537 queries (+9537 extra) 
2026-09-26 16:23:45,900 1 INFO odoo odoo.modules.loading: updating modules list 
2026-09-26 16:23:45,902 1 INFO odoo odoo.addons.base.models.ir_module: ALLOW access to module.update_list on [] to user __system__ #1 via n/a 
2026-09-26 16:23:47,423 1 INFO odoo odoo.addons.base.models.ir_module: ALLOW access to module.button_install on ['Sales', 'Inventory', 'eCommerce', 'Manufacturing'] to user __system__ #1 via n/a 
2026-09-26 16:23:47,695 1 INFO odoo odoo.modules.loading: loading 88 modules... 
2026-09-26 16:23:47,696 1 INFO odoo odoo.modules.loading: Loading module l10n_us (2/88) 
2026-09-26 16:23:47,706 1 INFO odoo odoo.registry: module l10n_us: creating or updating database tables 
2026-09-26 16:23:47,747 1 INFO odoo odoo.modules.loading: loading l10n_us/data/res_company_data.xml 
2026-09-26 16:23:47,753 1 INFO odoo odoo.modules.loading: loading l10n_us/views/res_partner_bank_views.xml 
2026-09-26 16:23:47,778 1 INFO odoo odoo.modules.loading: Module l10n_us: loading demo 
2026-09-26 16:23:47,779 1 INFO odoo odoo.modules.loading: loading l10n_us/demo/demo_company.xml 
2026-09-26 16:23:47,965 1 INFO odoo odoo.modules.loading: Module l10n_us loaded in 0.27s, 164 queries (+164 other) 
2026-09-26 16:23:47,965 1 INFO odoo odoo.modules.loading: Loading module rpc (3/88) 
2026-09-26 16:23:47,988 1 INFO odoo odoo.modules.loading: Module rpc loaded in 0.02s, 10 queries (+10 other) 
2026-09-26 16:23:47,989 1 INFO odoo odoo.modules.loading: Loading module social_media (4/88) 
2026-09-26 16:23:47,995 1 INFO odoo odoo.registry: module social_media: creating or updating database tables 
2026-09-26 16:23:48,037 1 INFO odoo odoo.modules.loading: loading social_media/views/res_company_views.xml 
2026-09-26 16:23:48,062 1 INFO odoo odoo.modules.loading: Module social_media: loading demo 
2026-09-26 16:23:48,063 1 INFO odoo odoo.modules.loading: loading social_media/demo/res_company_demo.xml 
2026-09-26 16:23:48,084 1 INFO odoo odoo.modules.loading: Module social_media loaded in 0.10s, 80 queries (+80 other) 
2026-09-26 16:23:48,084 1 INFO odoo odoo.modules.loading: Loading module uom (5/88) 
2026-09-26 16:23:48,090 1 INFO odoo odoo.registry: module uom: creating or updating database tables 
2026-09-26 16:23:48,142 1 INFO odoo odoo.modules.loading: loading uom/data/uom_data.xml 
2026-09-26 16:23:48,259 1 INFO odoo odoo.modules.loading: loading uom/security/uom_security.xml 
2026-09-26 16:23:48,269 1 INFO odoo odoo.modules.loading: loading uom/security/ir.model.access.csv 
2026-09-26 16:23:48,283 1 INFO odoo odoo.modules.loading: loading uom/views/uom_uom_views.xml 
2026-09-26 16:23:48,332 1 INFO odoo odoo.modules.loading: Module uom loaded in 0.25s, 230 queries (+230 other) 
2026-09-26 16:23:48,332 1 INFO odoo odoo.modules.loading: Loading module web (6/88) 
2026-09-26 16:23:48,379 1 INFO odoo odoo.registry: module web: creating or updating database tables 
2026-09-26 16:23:49,069 1 INFO odoo odoo.modules.loading: loading web/security/ir.model.access.csv 
2026-09-26 16:23:49,083 1 INFO odoo odoo.modules.loading: loading web/security/web_security.xml 
2026-09-26 16:23:49,104 1 INFO odoo odoo.modules.loading: loading web/views/webclient_templates.xml 
2026-09-26 16:23:49,192 1 INFO odoo odoo.modules.loading: loading web/views/report_templates.xml 
2026-09-26 16:23:49,413 1 INFO odoo odoo.modules.loading: loading web/views/base_document_layout_views.xml 
2026-09-26 16:23:49,463 1 INFO odoo odoo.modules.loading: loading web/views/partner_view.xml 
2026-09-26 16:23:49,481 1 INFO odoo odoo.modules.loading: loading web/views/speedscope_template.xml 
2026-09-26 16:23:49,492 1 INFO odoo odoo.modules.loading: loading web/views/memory_template.xml 
2026-09-26 16:23:49,506 1 INFO odoo odoo.modules.loading: loading web/views/speedscope_config_wizard.xml 
2026-09-26 16:23:49,522 1 INFO odoo odoo.modules.loading: loading web/views/neutralize_views.xml 
2026-09-26 16:23:49,545 1 INFO odoo odoo.modules.loading: loading web/views/ir_ui_view_views.xml 
2026-09-26 16:23:49,577 1 INFO odoo odoo.modules.loading: loading web/data/ir_attachment.xml 
2026-09-26 16:23:49,587 1 INFO odoo odoo.modules.loading: loading web/data/report_layout.xml 
2026-09-26 16:23:49,680 1 INFO odoo odoo.modules.loading: Module web loaded in 1.35s, 1239 queries (+1239 other) 
2026-09-26 16:23:49,680 1 INFO odoo odoo.modules.loading: Loading module api_doc (7/88) 
2026-09-26 16:23:49,689 1 INFO odoo odoo.registry: module api_doc: creating or updating database tables 
2026-09-26 16:23:49,709 1 INFO odoo odoo.modules.loading: loading api_doc/security/res_groups.xml 
2026-09-26 16:23:49,735 1 INFO odoo odoo.modules.loading: loading api_doc/views/docclient.xml 
2026-09-26 16:23:49,763 1 INFO odoo odoo.modules.loading: Module api_doc loaded in 0.08s, 63 queries (+63 other) 
2026-09-26 16:23:49,764 1 INFO odoo odoo.modules.loading: Loading module auth_totp (8/88) 
2026-09-26 16:23:49,788 1 INFO odoo odoo.registry: module auth_totp: creating or updating database tables 
2026-09-26 16:23:49,880 1 INFO odoo odoo.modules.loading: loading auth_totp/security/security.xml 
2026-09-26 16:23:49,915 1 INFO odoo odoo.modules.loading: loading auth_totp/security/ir.model.access.csv 
2026-09-26 16:23:49,927 1 INFO odoo odoo.modules.loading: loading auth_totp/data/ir_action_data.xml 
2026-09-26 16:23:49,937 1 INFO odoo odoo.modules.loading: loading auth_totp/views/res_users_views.xml 
2026-09-26 16:23:49,979 1 INFO odoo odoo.modules.loading: loading auth_totp/views/templates.xml 
2026-09-26 16:23:49,989 1 INFO odoo odoo.modules.loading: loading auth_totp/wizard/auth_totp_wizard_views.xml 
2026-09-26 16:23:50,019 1 INFO odoo odoo.modules.loading: Module auth_totp loaded in 0.26s, 218 queries (+218 other) 
2026-09-26 16:23:50,019 1 INFO odoo odoo.modules.loading: Loading module barcodes (9/88) 
2026-09-26 16:23:50,030 1 INFO odoo odoo.registry: module barcodes: creating or updating database tables 
2026-09-26 16:23:50,122 1 INFO odoo odoo.modules.loading: loading barcodes/data/barcodes_data.xml 
2026-09-26 16:23:50,134 1 INFO odoo odoo.modules.loading: loading barcodes/views/barcodes_view.xml 
2026-09-26 16:23:50,170 1 INFO odoo odoo.modules.loading: loading barcodes/security/ir.model.access.csv 
2026-09-26 16:23:50,201 1 INFO odoo odoo.modules.loading: Module barcodes loaded in 0.18s, 150 queries (+150 other) 
2026-09-26 16:23:50,201 1 INFO odoo odoo.modules.loading: Loading module base_import (10/88) 
2026-09-26 16:23:50,250 1 INFO odoo odoo.registry: module base_import: creating or updating database tables 
2026-09-26 16:23:50,971 1 INFO odoo odoo.modules.loading: loading base_import/security/ir.model.access.csv 
2026-09-26 16:23:50,996 1 INFO odoo odoo.modules.loading: Module base_import loaded in 0.80s, 979 queries (+979 other) 
2026-09-26 16:23:50,997 1 INFO odoo odoo.modules.loading: Loading module base_import_module (11/88) 
2026-09-26 16:23:51,010 1 INFO odoo odoo.registry: module base_import_module: creating or updating database tables 
2026-09-26 16:23:51,095 1 INFO odoo odoo.modules.loading: loading base_import_module/security/ir.model.access.csv 
2026-09-26 16:23:51,107 1 INFO odoo odoo.modules.loading: loading base_import_module/views/base_import_module_view.xml 
2026-09-26 16:23:51,136 1 INFO odoo odoo.modules.loading: loading base_import_module/views/ir_module_views.xml 
2026-09-26 16:23:51,208 1 INFO odoo odoo.modules.loading: Module base_import_module loaded in 0.21s, 172 queries (+172 other) 
2026-09-26 16:23:51,208 1 INFO odoo odoo.modules.loading: Loading module base_setup (12/88) 
2026-09-26 16:23:51,224 1 INFO odoo odoo.registry: module base_setup: creating or updating database tables 
2026-09-26 16:23:51,290 1 INFO odoo odoo.modules.loading: loading base_setup/data/base_setup_data.xml 
2026-09-26 16:23:51,298 1 INFO odoo odoo.modules.loading: loading base_setup/views/res_config_settings_views.xml 
2026-09-26 16:23:51,349 1 INFO odoo odoo.modules.loading: loading base_setup/views/res_partner_views.xml 
2026-09-26 16:23:51,378 1 INFO odoo odoo.modules.loading: Module base_setup loaded in 0.17s, 152 queries (+152 other) 
2026-09-26 16:23:51,379 1 INFO odoo odoo.modules.loading: Loading module bus (13/88) 
2026-09-26 16:23:51,404 1 INFO odoo odoo.registry: module bus: creating or updating database tables 
2026-09-26 16:23:51,530 1 INFO odoo odoo.modules.loading: loading bus/security/ir.model.access.csv 
2026-09-26 16:23:51,556 1 INFO odoo odoo.modules.loading: Module bus loaded in 0.18s, 159 queries (+159 other) 
2026-09-26 16:23:51,556 1 INFO odoo odoo.modules.loading: Loading module http_routing (14/88) 
2026-09-26 16:23:51,565 1 INFO odoo odoo.registry: module http_routing: creating or updating database tables 
2026-09-26 16:23:51,600 1 INFO odoo odoo.modules.loading: loading http_routing/views/http_routing_template.xml 
2026-09-26 16:23:51,716 1 INFO odoo odoo.modules.loading: loading http_routing/views/res_lang_views.xml 
2026-09-26 16:23:51,765 1 INFO odoo odoo.modules.loading: Module http_routing loaded in 0.21s, 114 queries (+114 other) 
2026-09-26 16:23:51,765 1 INFO odoo odoo.modules.loading: Loading module onboarding (15/88) 
2026-09-26 16:23:51,775 1 INFO odoo odoo.registry: module onboarding: creating or updating database tables 
2026-09-26 16:23:51,953 1 INFO odoo odoo.modules.loading: loading onboarding/views/onboarding_templates.xml 
2026-09-26 16:23:51,976 1 INFO odoo odoo.modules.loading: loading onboarding/views/onboarding_views.xml 
2026-09-26 16:23:52,018 1 INFO odoo odoo.modules.loading: loading onboarding/views/onboarding_menus.xml 
2026-09-26 16:23:52,033 1 INFO odoo odoo.modules.loading: loading onboarding/security/ir.model.access.csv 
2026-09-26 16:23:52,067 1 INFO odoo odoo.modules.loading: Module onboarding loaded in 0.30s, 246 queries (+246 other) 
2026-09-26 16:23:52,067 1 INFO odoo odoo.modules.loading: Loading module resource (16/88) 
2026-09-26 16:23:52,085 1 INFO odoo odoo.registry: module resource: creating or updating database tables 
2026-09-26 16:23:52,278 1 INFO odoo odoo.modules.loading: loading resource/data/resource_data.xml 
2026-09-26 16:23:52,313 1 INFO odoo odoo.modules.loading: loading resource/security/ir.model.access.csv 
2026-09-26 16:23:52,331 1 INFO odoo odoo.modules.loading: loading resource/security/resource_security.xml 
2026-09-26 16:23:52,373 1 INFO odoo odoo.modules.loading: loading resource/views/resource_resource_views.xml 
2026-09-26 16:23:52,413 1 INFO odoo odoo.modules.loading: loading resource/views/resource_calendar_leaves_views.xml 
2026-09-26 16:23:52,469 1 INFO odoo odoo.modules.loading: loading resource/views/resource_calendar_attendance_views.xml 
2026-09-26 16:23:52,487 1 INFO odoo odoo.modules.loading: loading resource/views/resource_calendar_views.xml 
2026-09-26 16:23:52,525 1 INFO odoo odoo.modules.loading: loading resource/views/menuitems.xml 
2026-09-26 16:23:52,548 1 INFO odoo odoo.modules.loading: Module resource: loading demo 
2026-09-26 16:23:52,549 1 INFO odoo odoo.modules.loading: loading resource/data/resource_demo.xml 
2026-09-26 16:23:52,613 1 INFO odoo odoo.modules.loading: Module resource loaded in 0.55s, 444 queries (+444 other) 
2026-09-26 16:23:52,614 1 INFO odoo odoo.modules.loading: Loading module utm (17/88) 
2026-09-26 16:23:52,625 1 INFO odoo odoo.registry: module utm: creating or updating database tables 
2026-09-26 16:23:52,779 1 INFO odoo odoo.modules.loading: loading utm/data/utm_medium_data.xml 
2026-09-26 16:23:52,815 1 INFO odoo odoo.modules.loading: loading utm/data/utm_source_data.xml 
2026-09-26 16:23:52,846 1 INFO odoo odoo.modules.loading: loading utm/data/utm_stage_data.xml 
2026-09-26 16:23:52,853 1 INFO odoo odoo.modules.loading: loading utm/data/utm_tag_data.xml 
2026-09-26 16:23:52,859 1 INFO odoo odoo.modules.loading: loading utm/views/utm_campaign_views.xml 
2026-09-26 16:23:52,907 1 INFO odoo odoo.modules.loading: loading utm/views/utm_medium_views.xml 
2026-09-26 16:23:52,934 1 INFO odoo odoo.modules.loading: loading utm/views/utm_source_views.xml 
2026-09-26 16:23:52,956 1 INFO odoo odoo.modules.loading: loading utm/views/utm_stage_views.xml 
2026-09-26 16:23:52,981 1 INFO odoo odoo.modules.loading: loading utm/views/utm_tag_views.xml 
2026-09-26 16:23:52,995 1 INFO odoo odoo.modules.loading: loading utm/views/utm_menus.xml 
2026-09-26 16:23:53,039 1 INFO odoo odoo.modules.loading: loading utm/security/ir.model.access.csv 
2026-09-26 16:23:53,054 1 INFO odoo odoo.modules.loading: Module utm: loading demo 
2026-09-26 16:23:53,055 1 INFO odoo odoo.modules.loading: loading utm/data/utm_campaign_demo.xml 
2026-09-26 16:23:53,075 1 INFO odoo odoo.modules.loading: loading utm/data/utm_stage_demo.xml 
2026-09-26 16:23:53,105 1 INFO odoo odoo.modules.loading: Module utm loaded in 0.49s, 439 queries (+439 other) 
2026-09-26 16:23:53,105 1 INFO odoo odoo.modules.loading: Loading module web_tour (18/88) 
2026-09-26 16:23:53,118 1 INFO odoo odoo.registry: module web_tour: creating or updating database tables 
2026-09-26 16:23:53,126 1 INFO odoo odoo.models: Prepare computation of res.users.tour_enabled 
2026-09-26 16:23:53,236 1 INFO odoo odoo.modules.loading: loading web_tour/security/ir.model.access.csv 
2026-09-26 16:23:53,249 1 INFO odoo odoo.modules.loading: loading web_tour/views/tour_views.xml 
2026-09-26 16:23:53,322 1 INFO odoo odoo.modules.loading: Module web_tour loaded in 0.22s, 180 queries (+180 other) 
2026-09-26 16:23:53,322 1 INFO odoo odoo.modules.loading: Loading module auth_passkey (19/88) 
2026-09-26 16:23:53,384 1 INFO odoo odoo.registry: module auth_passkey: creating or updating database tables 
2026-09-26 16:23:53,467 1 INFO odoo odoo.modules.loading: loading auth_passkey/views/auth_passkey_key_views.xml 
2026-09-26 16:23:53,502 1 INFO odoo odoo.modules.loading: loading auth_passkey/views/auth_passkey_login_templates.xml 
2026-09-26 16:23:53,525 1 INFO odoo odoo.modules.loading: loading auth_passkey/views/res_users_identitycheck_views.xml 
2026-09-26 16:23:53,540 1 INFO odoo odoo.modules.loading: loading auth_passkey/views/res_users_views.xml 
2026-09-26 16:23:53,571 1 INFO odoo odoo.modules.loading: loading auth_passkey/security/ir.model.access.csv 
2026-09-26 16:23:53,586 1 INFO odoo odoo.modules.loading: loading auth_passkey/security/security.xml 
2026-09-26 16:23:53,627 1 INFO odoo odoo.modules.loading: Module auth_passkey loaded in 0.31s, 218 queries (+218 other) 
2026-09-26 16:23:53,627 1 INFO odoo odoo.modules.loading: Loading module barcodes_gs1_nomenclature (20/88) 
2026-09-26 16:23:53,635 1 INFO odoo odoo.registry: module barcodes_gs1_nomenclature: creating or updating database tables 
2026-09-26 16:23:53,699 1 INFO odoo odoo.modules.loading: loading barcodes_gs1_nomenclature/data/barcodes_gs1_rules.xml 
2026-09-26 16:23:53,798 1 INFO odoo odoo.modules.loading: loading barcodes_gs1_nomenclature/views/barcodes_view.xml 
2026-09-26 16:23:53,854 1 INFO odoo odoo.modules.loading: Module barcodes_gs1_nomenclature loaded in 0.23s, 197 queries (+197 other) 
2026-09-26 16:23:53,854 1 INFO odoo odoo.modules.loading: Loading module google_recaptcha (21/88) 
2026-09-26 16:23:53,861 1 INFO odoo odoo.registry: module google_recaptcha: creating or updating database tables 
2026-09-26 16:23:53,895 1 INFO odoo odoo.modules.loading: loading google_recaptcha/views/res_config_settings_view.xml 
2026-09-26 16:23:53,938 1 INFO odoo odoo.modules.loading: Module google_recaptcha loaded in 0.08s, 64 queries (+64 other) 
2026-09-26 16:23:53,939 1 INFO odoo odoo.modules.loading: Loading module html_editor (22/88) 
2026-09-26 16:23:54,196 1 INFO odoo odoo.registry: module html_editor: creating or updating database tables 
2026-09-26 16:23:55,020 1 INFO odoo odoo.modules.loading: loading html_editor/security/ir.model.access.csv 
2026-09-26 16:23:55,045 1 INFO odoo odoo.modules.loading: Module html_editor loaded in 1.11s, 1173 queries (+1173 other) 
2026-09-26 16:23:55,045 1 INFO odoo odoo.modules.loading: Loading module iap (23/88) 
2026-09-26 16:23:55,050 1 INFO odoo odoo.registry: module iap: creating or updating database tables 
2026-09-26 16:23:55,146 1 INFO odoo odoo.modules.loading: loading iap/data/services.xml 
2026-09-26 16:23:55,158 1 INFO odoo odoo.modules.loading: loading iap/security/ir.model.access.csv 
2026-09-26 16:23:55,170 1 INFO odoo odoo.modules.loading: loading iap/security/ir_rule.xml 
2026-09-26 16:23:55,182 1 INFO odoo odoo.modules.loading: loading iap/views/iap_views.xml 
2026-09-26 16:23:55,221 1 INFO odoo odoo.modules.loading: loading iap/views/res_config_settings.xml 
2026-09-26 16:23:55,259 1 INFO odoo odoo.modules.loading: Module iap loaded in 0.21s, 184 queries (+184 other) 
2026-09-26 16:23:55,260 1 INFO odoo odoo.modules.loading: Loading module mail (24/88) 
2026-09-26 16:23:55,351 1 INFO odoo odoo.registry: module mail: creating or updating database tables 
2026-09-26 16:23:55,607 1 INFO odoo odoo.models: Prepare computation of ir.actions.server.partner_ids 
2026-09-26 16:23:55,607 1 INFO odoo odoo.models: Prepare computation of ir.actions.server.activity_user_id 
2026-09-26 16:23:55,607 1 INFO odoo odoo.models: Prepare computation of ir.actions.server.activity_type_id 
2026-09-26 16:23:55,607 1 INFO odoo odoo.models: Prepare computation of ir.actions.server.template_id 
2026-09-26 16:23:55,607 1 INFO odoo odoo.models: Prepare computation of ir.actions.server.activity_date_deadline_range 
2026-09-26 16:23:55,607 1 INFO odoo odoo.models: Prepare computation of ir.actions.server.activity_summary 
2026-09-26 16:23:55,607 1 INFO odoo odoo.models: Prepare computation of ir.actions.server.followers_type 
2026-09-26 16:23:55,607 1 INFO odoo odoo.models: Prepare computation of ir.actions.server.followers_partner_field_name 
2026-09-26 16:23:55,607 1 INFO odoo odoo.models: Prepare computation of ir.actions.server.mail_post_method 
2026-09-26 16:23:55,607 1 INFO odoo odoo.models: Prepare computation of ir.actions.server.activity_date_deadline_range_type 
2026-09-26 16:23:55,607 1 INFO odoo odoo.models: Prepare computation of ir.actions.server.activity_user_type 
2026-09-26 16:23:55,607 1 INFO odoo odoo.models: Prepare computation of ir.actions.server.activity_user_field_name 
2026-09-26 16:23:55,607 1 INFO odoo odoo.models: Prepare computation of ir.actions.server.activity_note 
2026-09-26 16:23:55,608 1 INFO odoo odoo.models: Prepare computation of ir.actions.server.mail_post_autofollow 
2026-09-26 16:23:55,682 1 INFO odoo odoo.models: Prepare computation of res.users.notification_type 
2026-09-26 16:23:55,770 1 INFO odoo odoo.models: Prepare computation of res.partner.email_normalized 
2026-09-26 16:23:58,127 1 INFO odoo odoo.modules.loading: loading mail/data/mail_groups.xml 
2026-09-26 16:23:58,206 1 INFO odoo odoo.modules.loading: loading mail/wizard/mail_activity_schedule_views.xml 
2026-09-26 16:23:58,234 1 INFO odoo odoo.modules.loading: loading mail/wizard/mail_blacklist_remove_views.xml 
2026-09-26 16:23:58,245 1 INFO odoo odoo.modules.loading: loading mail/wizard/mail_compose_message_views.xml 
2026-09-26 16:23:58,283 1 INFO odoo odoo.modules.loading: loading mail/wizard/mail_template_preview_views.xml 
2026-09-26 16:23:58,303 1 INFO odoo odoo.modules.loading: loading mail/wizard/mail_followers_edit_views.xml 
2026-09-26 16:23:58,329 1 INFO odoo odoo.modules.loading: loading mail/wizard/mail_template_reset_views.xml 
2026-09-26 16:23:58,348 1 INFO odoo odoo.modules.loading: loading mail/views/fetchmail_views.xml 
2026-09-26 16:23:58,386 1 INFO odoo odoo.modules.loading: loading mail/views/ir_cron_views.xml 
2026-09-26 16:23:58,408 1 INFO odoo odoo.modules.loading: loading mail/views/ir_filters_views.xml 
2026-09-26 16:23:58,444 1 INFO odoo odoo.modules.loading: loading mail/views/ir_mail_server_views.xml 
2026-09-26 16:23:58,461 1 INFO odoo odoo.modules.loading: loading mail/views/mail_message_subtype_views.xml 
2026-09-26 16:23:58,491 1 INFO odoo odoo.modules.loading: loading mail/views/mail_tracking_value_views.xml 
2026-09-26 16:23:58,529 1 INFO odoo odoo.modules.loading: loading mail/views/mail_notification_views.xml 
2026-09-26 16:23:58,553 1 INFO odoo odoo.modules.loading: loading mail/views/mail_message_views.xml 
2026-09-26 16:23:58,613 1 INFO odoo odoo.modules.loading: loading mail/views/mail_message_schedule_views.xml 
2026-09-26 16:23:58,644 1 INFO odoo odoo.modules.loading: loading mail/views/mail_mail_views.xml 
2026-09-26 16:23:58,728 1 INFO odoo odoo.modules.loading: loading mail/views/mail_followers_views.xml 
2026-09-26 16:23:58,759 1 INFO odoo odoo.modules.loading: loading mail/views/mail_ice_server_views.xml 
2026-09-26 16:23:58,809 1 INFO odoo odoo.modules.loading: loading mail/views/discuss_channel_member_views.xml 
2026-09-26 16:23:58,832 1 INFO odoo odoo.modules.loading: loading mail/views/discuss_channel_rtc_session_views.xml 
2026-09-26 16:23:58,874 1 INFO odoo odoo.modules.loading: loading mail/views/mail_link_preview_views.xml 
2026-09-26 16:23:58,904 1 INFO odoo odoo.modules.loading: loading mail/views/discuss/discuss_gif_favorite_views.xml 
2026-09-26 16:23:58,928 1 INFO odoo odoo.modules.loading: loading mail/views/discuss_channel_views.xml 
2026-09-26 16:23:59,001 1 INFO odoo odoo.modules.loading: loading mail/views/mail_canned_response_views.xml 
2026-09-26 16:23:59,063 1 INFO odoo odoo.modules.loading: loading mail/views/res_role_views.xml 
2026-09-26 16:23:59,104 1 INFO odoo odoo.modules.loading: loading mail/views/mail_activity_views.xml 
2026-09-26 16:23:59,318 1 INFO odoo odoo.modules.loading: loading mail/views/mail_activity_plan_views.xml 
2026-09-26 16:23:59,418 1 INFO odoo odoo.modules.loading: loading mail/views/mail_activity_plan_template_views.xml 
2026-09-26 16:23:59,446 1 INFO odoo odoo.modules.loading: loading mail/views/res_config_settings_views.xml 
2026-09-26 16:23:59,512 1 INFO odoo odoo.modules.loading: loading mail/data/ir_config_parameter_data.xml 
2026-09-26 16:23:59,525 1 INFO odoo odoo.modules.loading: loading mail/data/res_partner_data.xml 
2026-09-26 16:23:59,659 1 INFO odoo odoo.modules.loading: loading mail/data/mail_message_subtype_data.xml 
2026-09-26 16:23:59,678 1 INFO odoo odoo.modules.loading: loading mail/data/mail_templates_chatter.xml 
2026-09-26 16:23:59,716 1 INFO odoo odoo.modules.loading: loading mail/data/mail_templates_email_layouts.xml 
2026-09-26 16:23:59,750 1 INFO odoo odoo.modules.loading: loading mail/data/mail_templates_mailgateway.xml 
2026-09-26 16:23:59,801 1 INFO odoo odoo.modules.loading: loading mail/data/discuss_channel_data.xml 
2026-09-26 16:23:59,893 1 INFO odoo odoo.modules.loading: loading mail/data/mail_activity_type_data.xml 
2026-09-26 16:23:59,914 1 INFO odoo odoo.modules.loading: loading mail/data/security_notifications_templates.xml 
2026-09-26 16:23:59,922 1 INFO odoo odoo.modules.loading: loading mail/data/ir_cron_data.xml 
2026-09-26 16:24:00,132 1 INFO odoo odoo.modules.loading: loading mail/data/ir_actions_client.xml 
2026-09-26 16:24:00,144 1 INFO odoo odoo.modules.loading: loading mail/security/mail_security.xml 
2026-09-26 16:24:00,419 1 INFO odoo odoo.modules.loading: loading mail/security/ir.model.access.csv 
2026-09-26 16:24:00,488 1 INFO odoo odoo.modules.loading: loading mail/views/discuss_public_templates.xml 
2026-09-26 16:24:00,497 1 INFO odoo odoo.modules.loading: loading mail/views/mail_alias_domain_views.xml 
2026-09-26 16:24:00,526 1 INFO odoo odoo.modules.loading: loading mail/views/mail_alias_views.xml 
2026-09-26 16:24:00,557 1 INFO odoo odoo.modules.loading: loading mail/views/mail_gateway_allowed_views.xml 
2026-09-26 16:24:00,582 1 INFO odoo odoo.modules.loading: loading mail/views/mail_guest_views.xml 
2026-09-26 16:24:00,604 1 INFO odoo odoo.modules.loading: loading mail/views/mail_message_reaction_views.xml 
2026-09-26 16:24:00,625 1 INFO odoo odoo.modules.loading: loading mail/views/mail_templates_public.xml 
2026-09-26 16:24:00,641 1 INFO odoo odoo.modules.loading: loading mail/views/res_users_views.xml 
2026-09-26 16:24:00,684 1 INFO odoo odoo.modules.loading: loading mail/views/res_users_settings_views.xml 
2026-09-26 16:24:00,709 1 INFO odoo odoo.modules.loading: loading mail/views/mail_template_views.xml 
2026-09-26 16:24:00,746 1 INFO odoo odoo.modules.loading: loading mail/views/ir_actions_server_views.xml 
2026-09-26 16:24:00,774 1 INFO odoo odoo.modules.loading: loading mail/views/ir_model_views.xml 
2026-09-26 16:24:00,826 1 INFO odoo odoo.modules.loading: loading mail/views/res_partner_views.xml 
2026-09-26 16:24:00,902 1 INFO odoo odoo.modules.loading: loading mail/views/mail_blacklist_views.xml 
2026-09-26 16:24:00,931 1 INFO odoo odoo.modules.loading: loading mail/views/mail_menus.xml 
2026-09-26 16:24:01,164 1 INFO odoo odoo.modules.loading: loading mail/views/discuss/discuss_menus.xml 
2026-09-26 16:24:01,171 1 INFO odoo odoo.modules.loading: loading mail/views/discuss/discuss_call_history_views.xml 
2026-09-26 16:24:01,199 1 INFO odoo odoo.modules.loading: loading mail/views/res_company_views.xml 
2026-09-26 16:24:01,217 1 INFO odoo odoo.modules.loading: loading mail/views/mail_scheduled_message_views.xml 
2026-09-26 16:24:01,229 1 INFO odoo odoo.modules.loading: loading mail/data/mail_canned_response_data.xml 
2026-09-26 16:24:01,242 1 INFO odoo odoo.modules.loading: loading mail/data/mail_templates_invite.xml 
2026-09-26 16:24:01,261 1 INFO odoo odoo.modules.loading: loading mail/data/web_tour_tour.xml 
2026-09-26 16:24:01,268 1 INFO odoo odoo.modules.loading: Module mail: loading demo 
2026-09-26 16:24:01,269 1 INFO odoo odoo.modules.loading: loading mail/demo/mail_activity_demo.xml 
2026-09-26 16:24:01,287 1 INFO odoo odoo.modules.loading: loading mail/demo/discuss_channel_demo.xml 
2026-09-26 16:24:01,452 1 INFO odoo odoo.modules.loading: loading mail/demo/discuss/public_channel_demo.xml 
2026-09-26 16:24:01,511 1 INFO odoo odoo.modules.loading: loading mail/demo/mail_canned_response_demo.xml 
2026-09-26 16:24:01,638 1 INFO odoo odoo.modules.loading: Module mail loaded in 6.38s, 5303 queries (+5304 other) 
2026-09-26 16:24:01,638 1 INFO odoo odoo.modules.loading: Loading module web_unsplash (25/88) 
2026-09-26 16:24:01,676 1 INFO odoo odoo.registry: module web_unsplash: creating or updating database tables 
2026-09-26 16:24:01,754 1 INFO odoo odoo.modules.loading: loading web_unsplash/views/res_config_settings_view.xml 
2026-09-26 16:24:01,812 1 INFO odoo odoo.modules.loading: Module web_unsplash loaded in 0.17s, 103 queries (+103 other) 
2026-09-26 16:24:01,813 1 INFO odoo odoo.modules.loading: Loading module analytic (26/88) 
2026-09-26 16:24:01,827 1 INFO odoo odoo.registry: module analytic: creating or updating database tables 
2026-09-26 16:24:02,070 1 INFO odoo odoo.modules.loading: loading analytic/security/analytic_security.xml 
2026-09-26 16:24:02,105 1 INFO odoo odoo.modules.loading: loading analytic/security/ir.model.access.csv 
2026-09-26 16:24:02,126 1 INFO odoo odoo.modules.loading: loading analytic/views/analytic_line_views.xml 
2026-09-26 16:24:02,195 1 INFO odoo odoo.modules.loading: loading analytic/views/analytic_account_views.xml 
2026-09-26 16:24:02,248 1 INFO odoo odoo.modules.loading: loading analytic/views/analytic_plan_views.xml 
2026-09-26 16:24:02,277 1 INFO odoo odoo.modules.loading: loading analytic/views/analytic_distribution_model_views.xml 
2026-09-26 16:24:02,298 1 INFO odoo odoo.modules.loading: loading analytic/data/analytic_data.xml 
2026-09-26 16:24:02,331 1 INFO odoo odoo.modules.loading: Module analytic: loading demo 
2026-09-26 16:24:02,332 1 INFO odoo odoo.modules.loading: loading analytic/data/analytic_account_demo.xml 
2026-09-26 16:24:02,733 1 INFO odoo odoo.modules.loading: Module analytic loaded in 0.92s, 669 queries (+669 other) 
2026-09-26 16:24:02,733 1 INFO odoo odoo.modules.loading: Loading module auth_signup (27/88) 
2026-09-26 16:24:02,759 1 INFO odoo odoo.registry: module auth_signup: creating or updating database tables 
2026-09-26 16:24:02,857 1 INFO odoo odoo.modules.loading: loading auth_signup/data/ir_config_parameter_data.xml 
2026-09-26 16:24:02,867 1 INFO odoo odoo.modules.loading: loading auth_signup/data/ir_cron_data.xml 
2026-09-26 16:24:02,932 1 INFO odoo odoo.modules.loading: loading auth_signup/data/mail_template_data.xml 
2026-09-26 16:24:03,063 1 INFO odoo odoo.modules.loading: loading auth_signup/views/res_config_settings_views.xml 
2026-09-26 16:24:03,087 1 INFO odoo odoo.modules.loading: loading auth_signup/views/res_users_views.xml 
2026-09-26 16:24:03,133 1 INFO odoo odoo.modules.loading: loading auth_signup/views/auth_signup_login_templates.xml 
2026-09-26 16:24:03,167 1 INFO odoo odoo.modules.loading: loading auth_signup/views/auth_signup_templates_email.xml 
2026-09-26 16:24:03,179 1 INFO odoo odoo.modules.loading: loading auth_signup/views/webclient_templates.xml 
2026-09-26 16:24:03,223 1 INFO odoo odoo.modules.loading: Module auth_signup loaded in 0.49s, 253 queries (+253 other) 
2026-09-26 16:24:03,223 1 INFO odoo odoo.modules.loading: Loading module auth_totp_mail (28/88) 
2026-09-26 16:24:03,240 1 INFO odoo odoo.registry: module auth_totp_mail: creating or updating database tables 
2026-09-26 16:24:03,304 1 INFO odoo odoo.modules.loading: loading auth_totp_mail/data/ir_action_data.xml 
2026-09-26 16:24:03,350 1 INFO odoo odoo.modules.loading: loading auth_totp_mail/data/mail_template_data.xml 
2026-09-26 16:24:03,404 1 INFO odoo odoo.modules.loading: loading auth_totp_mail/data/security_notifications_template.xml 
2026-09-26 16:24:03,416 1 INFO odoo odoo.modules.loading: loading auth_totp_mail/views/res_config_settings_views.xml 
2026-09-26 16:24:03,445 1 INFO odoo odoo.modules.loading: loading auth_totp_mail/views/res_users_views.xml 
2026-09-26 16:24:03,478 1 INFO odoo odoo.modules.loading: loading auth_totp_mail/views/templates.xml 
2026-09-26 16:24:03,517 1 INFO odoo odoo.modules.loading: Module auth_totp_mail loaded in 0.29s, 189 queries (+189 other) 
2026-09-26 16:24:03,517 1 INFO odoo odoo.modules.loading: Loading module base_install_request (29/88) 
2026-09-26 16:24:03,527 1 INFO odoo odoo.registry: module base_install_request: creating or updating database tables 
2026-09-26 16:24:03,611 1 INFO odoo odoo.modules.loading: loading base_install_request/security/ir.model.access.csv 
2026-09-26 16:24:03,625 1 INFO odoo odoo.modules.loading: loading base_install_request/wizard/base_module_install_request_views.xml 
2026-09-26 16:24:03,656 1 INFO odoo odoo.modules.loading: loading base_install_request/data/mail_template_data.xml 
2026-09-26 16:24:03,667 1 INFO odoo odoo.modules.loading: loading base_install_request/data/mail_templates_module_install.xml 
2026-09-26 16:24:03,675 1 INFO odoo odoo.modules.loading: loading base_install_request/views/ir_module_module_views.xml 
2026-09-26 16:24:03,712 1 INFO odoo odoo.modules.loading: Module base_install_request loaded in 0.20s, 154 queries (+154 other) 
2026-09-26 16:24:03,712 1 INFO odoo odoo.modules.loading: Loading module google_gmail (30/88) 
2026-09-26 16:24:03,732 1 INFO odoo odoo.registry: module google_gmail: creating or updating database tables 
2026-09-26 16:24:03,878 1 INFO odoo odoo.modules.loading: loading google_gmail/views/fetchmail_server_views.xml 
2026-09-26 16:24:03,905 1 INFO odoo odoo.modules.loading: loading google_gmail/views/ir_mail_server_views.xml 
2026-09-26 16:24:03,924 1 INFO odoo odoo.modules.loading: loading google_gmail/views/res_config_settings_views.xml 
2026-09-26 16:24:03,957 1 INFO odoo odoo.modules.loading: loading google_gmail/views/templates.xml 
2026-09-26 16:24:03,977 1 INFO odoo odoo.modules.loading: Module google_gmail loaded in 0.26s, 155 queries (+155 other) 
2026-09-26 16:24:03,977 1 INFO odoo odoo.modules.loading: Loading module html_builder (31/88) 
2026-09-26 16:24:04,008 1 INFO odoo odoo.modules.loading: Module html_builder loaded in 0.03s, 10 queries (+10 other) 
2026-09-26 16:24:04,009 1 INFO odoo odoo.modules.loading: Loading module iap_mail (32/88) 
2026-09-26 16:24:04,016 1 INFO odoo odoo.registry: module iap_mail: creating or updating database tables 
2026-09-26 16:24:04,077 1 INFO odoo odoo.modules.loading: loading iap_mail/data/mail_templates.xml 
2026-09-26 16:24:04,118 1 INFO odoo odoo.modules.loading: loading iap_mail/views/iap_views.xml 
2026-09-26 16:24:04,149 1 INFO odoo odoo.modules.loading: Module iap_mail loaded in 0.14s, 70 queries (+70 other) 
2026-09-26 16:24:04,150 1 INFO odoo odoo.modules.loading: Loading module mail_bot (33/88) 
2026-09-26 16:24:04,165 1 INFO odoo odoo.registry: module mail_bot: creating or updating database tables 
2026-09-26 16:24:04,237 1 INFO odoo odoo.modules.loading: loading mail_bot/views/res_users_views.xml 
2026-09-26 16:24:04,265 1 INFO odoo odoo.modules.loading: loading mail_bot/data/mailbot_data.xml 
2026-09-26 16:24:04,287 1 INFO odoo odoo.modules.loading: Module mail_bot loaded in 0.14s, 109 queries (+109 other) 
2026-09-26 16:24:04,287 1 INFO odoo odoo.modules.loading: Loading module microsoft_outlook (34/88) 
2026-09-26 16:24:04,309 1 INFO odoo odoo.registry: module microsoft_outlook: creating or updating database tables 
2026-09-26 16:24:04,392 1 INFO odoo odoo.modules.loading: loading microsoft_outlook/views/fetchmail_server_views.xml 
2026-09-26 16:24:04,417 1 INFO odoo odoo.modules.loading: loading microsoft_outlook/views/ir_mail_server_views.xml 
2026-09-26 16:24:04,436 1 INFO odoo odoo.modules.loading: loading microsoft_outlook/views/res_config_settings_views.xml 
2026-09-26 16:24:04,472 1 INFO odoo odoo.modules.loading: loading microsoft_outlook/views/templates.xml 
2026-09-26 16:24:04,491 1 INFO odoo odoo.modules.loading: Module microsoft_outlook loaded in 0.20s, 158 queries (+158 other) 
2026-09-26 16:24:04,491 1 INFO odoo odoo.modules.loading: Loading module phone_validation (35/88) 
2026-09-26 16:24:04,628 1 INFO odoo odoo.registry: module phone_validation: creating or updating database tables 
2026-09-26 16:24:04,642 1 INFO odoo odoo.models: Prepare computation of res.partner.phone_sanitized 
2026-09-26 16:24:05,947 1 INFO odoo odoo.modules.loading: loading phone_validation/security/ir.model.access.csv 
2026-09-26 16:24:05,961 1 INFO odoo odoo.modules.loading: loading phone_validation/views/phone_blacklist_views.xml 
2026-09-26 16:24:06,010 1 INFO odoo odoo.modules.loading: loading phone_validation/views/res_partner_views.xml 
2026-09-26 16:24:06,030 1 INFO odoo odoo.modules.loading: loading phone_validation/wizard/phone_blacklist_remove_view.xml 
2026-09-26 16:24:06,061 1 INFO odoo odoo.modules.loading: Module phone_validation loaded in 1.57s, 1813 queries (+1813 other) 
2026-09-26 16:24:06,062 1 INFO odoo odoo.modules.loading: Loading module privacy_lookup (36/88) 
2026-09-26 16:24:06,083 1 INFO odoo odoo.registry: module privacy_lookup: creating or updating database tables 
2026-09-26 16:24:06,241 1 INFO odoo odoo.modules.loading: loading privacy_lookup/wizard/privacy_lookup_wizard_views.xml 
2026-09-26 16:24:06,324 1 INFO odoo odoo.modules.loading: loading privacy_lookup/views/privacy_log_views.xml 
2026-09-26 16:24:06,359 1 INFO odoo odoo.modules.loading: loading privacy_lookup/security/ir.model.access.csv 
2026-09-26 16:24:06,386 1 INFO odoo odoo.modules.loading: loading privacy_lookup/data/ir_actions_server_data.xml 
2026-09-26 16:24:06,480 1 INFO odoo odoo.modules.loading: Module privacy_lookup loaded in 0.42s, 296 queries (+296 other) 
2026-09-26 16:24:06,481 1 INFO odoo odoo.modules.loading: Loading module product (37/88) 
2026-09-26 16:24:06,548 1 INFO odoo odoo.registry: module product: creating or updating database tables 
2026-09-26 16:24:07,545 1 INFO odoo odoo.modules.loading: loading product/data/product_data.xml 
2026-09-26 16:24:07,607 1 INFO odoo odoo.modules.loading: loading product/security/product_security.xml 
2026-09-26 16:24:07,733 1 INFO odoo odoo.modules.loading: loading product/security/ir.model.access.csv 
2026-09-26 16:24:07,781 1 INFO odoo odoo.modules.loading: loading product/wizard/product_label_layout_views.xml 
2026-09-26 16:24:07,804 1 INFO odoo odoo.modules.loading: loading product/wizard/update_product_attribute_value_views.xml 
2026-09-26 16:24:07,818 1 INFO odoo odoo.modules.loading: loading product/views/product_tag_views.xml 
2026-09-26 16:24:07,842 1 INFO odoo odoo.modules.loading: loading product/views/product_views.xml 
2026-09-26 16:24:08,015 1 INFO odoo odoo.modules.loading: loading product/views/res_config_settings_views.xml 
2026-09-26 16:24:08,038 1 INFO odoo odoo.modules.loading: loading product/views/product_attribute_views.xml 
2026-09-26 16:24:08,101 1 INFO odoo odoo.modules.loading: loading product/views/product_attribute_value_views.xml 
2026-09-26 16:24:08,111 1 INFO odoo odoo.modules.loading: loading product/views/product_category_views.xml 
2026-09-26 16:24:08,142 1 INFO odoo odoo.modules.loading: loading product/views/product_combo_views.xml 
2026-09-26 16:24:08,173 1 INFO odoo odoo.modules.loading: loading product/views/product_document_views.xml 
2026-09-26 16:24:08,211 1 INFO odoo odoo.modules.loading: loading product/views/product_pricelist_item_views.xml 
2026-09-26 16:24:08,280 1 INFO odoo odoo.modules.loading: loading product/views/product_pricelist_views.xml 
2026-09-26 16:24:08,322 1 INFO odoo odoo.modules.loading: loading product/views/product_supplierinfo_views.xml 
2026-09-26 16:24:08,371 1 INFO odoo odoo.modules.loading: loading product/views/product_template_attribute_line_views.xml 
2026-09-26 16:24:08,384 1 INFO odoo odoo.modules.loading: loading product/views/product_template_views.xml 
2026-09-26 16:24:08,491 1 INFO odoo odoo.modules.loading: loading product/views/res_country_group_views.xml 
2026-09-26 16:24:08,512 1 INFO odoo odoo.modules.loading: loading product/views/res_partner_views.xml 
2026-09-26 16:24:08,533 1 INFO odoo odoo.modules.loading: loading product/views/uom_views.xml 
2026-09-26 16:24:08,562 1 INFO odoo odoo.modules.loading: loading product/report/product_reports.xml 
2026-09-26 16:24:08,604 1 INFO odoo odoo.modules.loading: loading product/report/product_product_templates.xml 
2026-09-26 16:24:08,662 1 INFO odoo odoo.modules.loading: loading product/report/product_template_templates.xml 
2026-09-26 16:24:08,699 1 INFO odoo odoo.modules.loading: loading product/report/product_packaging.xml 
2026-09-26 16:24:08,711 1 INFO odoo odoo.modules.loading: loading product/report/product_pricelist_report_templates.xml 
2026-09-26 16:24:08,730 1 INFO odoo odoo.modules.loading: Module product: loading demo 
2026-09-26 16:24:08,731 1 INFO odoo odoo.modules.loading: loading product/data/product_attribute_demo.xml 
2026-09-26 16:24:09,203 1 INFO odoo odoo.modules.loading: loading product/data/product_category_demo.xml 
2026-09-26 16:24:09,243 1 INFO odoo odoo.modules.loading: loading product/data/product_demo.xml 
2026-09-26 16:24:09,893 1 INFO odoo odoo.models.unlink: User #1 deleted mail.message records with IDs: [94] 
2026-09-26 16:24:09,904 1 INFO odoo odoo.models.unlink: User #1 deleted product.product records with IDs: [9] 
2026-09-26 16:24:09,980 1 INFO odoo odoo.models.unlink: User #1 deleted mail.message records with IDs: [97, 96, 95] 
2026-09-26 16:24:09,989 1 INFO odoo odoo.models.unlink: User #1 deleted product.product records with IDs: [10, 11, 12] 
2026-09-26 16:24:13,083 1 INFO odoo odoo.models.unlink: User #1 deleted mail.message records with IDs: [111] 
2026-09-26 16:24:13,102 1 INFO odoo odoo.models.unlink: User #1 deleted ir.model.data records with IDs: [18410] 
2026-09-26 16:24:13,103 1 INFO odoo odoo.models.unlink: User #1 deleted product.product records with IDs: [22] 
2026-09-26 16:24:13,928 1 INFO odoo odoo.models.unlink: User #1 deleted mail.message records with IDs: [120] 
2026-09-26 16:24:13,939 1 INFO odoo odoo.models.unlink: User #1 deleted product.product records with IDs: [28] 
2026-09-26 16:24:14,577 1 INFO odoo odoo.models.unlink: User #1 deleted mail.message records with IDs: [102] 
2026-09-26 16:24:14,585 1 INFO odoo odoo.models.unlink: User #1 deleted product.product records with IDs: [17] 
2026-09-26 16:24:17,119 1 INFO odoo odoo.models.unlink: User #1 deleted mail.message records with IDs: [145] 
2026-09-26 16:24:17,136 1 INFO odoo odoo.models.unlink: User #1 deleted ir.model.data records with IDs: [18468] 
2026-09-26 16:24:17,137 1 INFO odoo odoo.models.unlink: User #1 deleted product.product records with IDs: [42] 
2026-09-26 16:24:17,818 1 INFO odoo odoo.modules.loading: loading product/data/product_document_demo.xml 
2026-09-26 16:24:17,837 1 INFO odoo odoo.modules.loading: loading product/data/product_supplierinfo_demo.xml 
2026-09-26 16:24:18,361 1 INFO odoo odoo.modules.loading: Module product loaded in 11.88s, 3868 queries (+3868 other) 
2026-09-26 16:24:18,361 1 INFO odoo odoo.modules.loading: Loading module rating (38/88) 
2026-09-26 16:24:18,420 1 INFO odoo odoo.registry: module rating: creating or updating database tables 
2026-09-26 16:24:18,715 1 INFO odoo odoo.modules.loading: loading rating/views/rating_rating_views.xml 
2026-09-26 16:24:18,799 1 INFO odoo odoo.modules.loading: loading rating/views/rating_templates.xml 
2026-09-26 16:24:18,821 1 INFO odoo odoo.modules.loading: loading rating/views/mail_message_views.xml 
2026-09-26 16:24:18,839 1 INFO odoo odoo.modules.loading: loading rating/security/ir.model.access.csv 
2026-09-26 16:24:18,877 1 INFO odoo odoo.modules.loading: Module rating loaded in 0.52s, 447 queries (+447 other) 
2026-09-26 16:24:18,877 1 INFO odoo odoo.modules.loading: Loading module resource_mail (39/88) 
2026-09-26 16:24:18,888 1 INFO odoo odoo.registry: module resource_mail: creating or updating database tables 
2026-09-26 16:24:18,938 1 INFO odoo odoo.modules.loading: Module resource_mail loaded in 0.06s, 36 queries (+36 other) 
2026-09-26 16:24:18,938 1 INFO odoo odoo.modules.loading: Loading module sales_team (40/88) 
2026-09-26 16:24:18,959 1 INFO odoo odoo.registry: module sales_team: creating or updating database tables 
2026-09-26 16:24:18,981 1 INFO odoo odoo.models: Prepare computation of res.users.sale_team_id 
2026-09-26 16:24:19,158 1 INFO odoo odoo.modules.loading: loading sales_team/security/sales_team_security.xml 
2026-09-26 16:24:19,236 1 INFO odoo odoo.modules.loading: loading sales_team/security/ir.model.access.csv 
2026-09-26 16:24:19,261 1 INFO odoo odoo.modules.loading: loading sales_team/data/crm_team_data.xml 
2026-09-26 16:24:19,377 1 INFO odoo odoo.modules.loading: loading sales_team/views/crm_tag_views.xml 
2026-09-26 16:24:19,413 1 INFO odoo odoo.modules.loading: loading sales_team/views/crm_team_views.xml 
2026-09-26 16:24:19,508 1 INFO odoo odoo.modules.loading: loading sales_team/views/crm_team_member_views.xml 
2026-09-26 16:24:19,629 1 INFO odoo odoo.modules.loading: loading sales_team/views/mail_activity_views.xml 
2026-09-26 16:24:19,647 1 INFO odoo odoo.modules.loading: Module sales_team: loading demo 
2026-09-26 16:24:19,648 1 INFO odoo odoo.modules.loading: loading sales_team/data/crm_team_demo.xml 
2026-09-26 16:24:19,744 1 INFO odoo odoo.modules.loading: loading sales_team/data/crm_tag_demo.xml 
2026-09-26 16:24:19,802 1 INFO odoo odoo.modules.loading: Module sales_team loaded in 0.86s, 469 queries (+469 other) 
2026-09-26 16:24:19,802 1 INFO odoo odoo.modules.loading: Loading module partner_autocomplete (41/88) 
2026-09-26 16:24:19,857 1 INFO odoo odoo.registry: module partner_autocomplete: creating or updating database tables 
2026-09-26 16:24:19,979 1 INFO odoo odoo.modules.loading: loading partner_autocomplete/views/res_company_views.xml 
2026-09-26 16:24:20,005 1 INFO odoo odoo.modules.loading: loading partner_autocomplete/views/res_config_settings_views.xml 
2026-09-26 16:24:20,028 1 INFO odoo odoo.modules.loading: loading partner_autocomplete/data/iap_service_data.xml 
2026-09-26 16:24:20,045 1 INFO odoo odoo.modules.loading: Module partner_autocomplete loaded in 0.24s, 144 queries (+144 other) 
2026-09-26 16:24:20,046 1 INFO odoo odoo.modules.loading: Loading module portal (42/88) 
2026-09-26 16:24:20,095 1 INFO odoo odoo.registry: module portal: creating or updating database tables 
2026-09-26 16:24:20,430 1 INFO odoo odoo.modules.loading: loading portal/security/ir.model.access.csv 
2026-09-26 16:24:20,444 1 INFO odoo odoo.modules.loading: loading portal/data/mail_templates.xml 
2026-09-26 16:24:20,454 1 INFO odoo odoo.modules.loading: loading portal/views/address_templates.xml 
2026-09-26 16:24:20,508 1 INFO odoo odoo.modules.loading: loading portal/views/mail_templates_public.xml 
2026-09-26 16:24:20,519 1 INFO odoo odoo.modules.loading: loading portal/views/portal_templates.xml 
2026-09-26 16:24:20,728 1 INFO odoo odoo.modules.loading: loading portal/views/res_config_settings_views.xml 
2026-09-26 16:24:20,770 1 INFO odoo odoo.modules.loading: loading portal/wizard/portal_share_views.xml 
2026-09-26 16:24:20,786 1 INFO odoo odoo.modules.loading: loading portal/wizard/portal_wizard_views.xml 
2026-09-26 16:24:20,867 1 INFO odoo odoo.modules.loading: Module portal loaded in 0.82s, 617 queries (+617 other) 
2026-09-26 16:24:20,868 1 INFO odoo odoo.modules.loading: Loading module sms (43/88) 
2026-09-26 16:24:21,023 1 INFO odoo odoo.registry: module sms: creating or updating database tables 
2026-09-26 16:24:21,037 1 INFO odoo odoo.models: Prepare computation of ir.actions.server.sms_template_id 
2026-09-26 16:24:21,037 1 INFO odoo odoo.models: Prepare computation of ir.actions.server.sms_method 
2026-09-26 16:24:22,644 1 INFO odoo odoo.modules.loading: loading sms/data/iap_service_data.xml 
2026-09-26 16:24:22,655 1 INFO odoo odoo.modules.loading: loading sms/data/ir_cron_data.xml 
2026-09-26 16:24:22,698 1 INFO odoo odoo.modules.loading: loading sms/wizard/sms_account_code_views.xml 
2026-09-26 16:24:22,720 1 INFO odoo odoo.modules.loading: loading sms/wizard/sms_account_phone_views.xml 
2026-09-26 16:24:22,730 1 INFO odoo odoo.modules.loading: loading sms/wizard/sms_account_sender_views.xml 
2026-09-26 16:24:22,742 1 INFO odoo odoo.modules.loading: loading sms/wizard/sms_composer_views.xml 
2026-09-26 16:24:22,762 1 INFO odoo odoo.modules.loading: loading sms/wizard/sms_template_preview_views.xml 
2026-09-26 16:24:22,780 1 INFO odoo odoo.modules.loading: loading sms/wizard/sms_template_reset_views.xml 
2026-09-26 16:24:22,797 1 INFO odoo odoo.modules.loading: loading sms/views/ir_actions_server_views.xml 
2026-09-26 16:24:22,829 1 INFO odoo odoo.modules.loading: loading sms/views/mail_notification_views.xml 
2026-09-26 16:24:22,855 1 INFO odoo odoo.modules.loading: loading sms/views/res_config_settings_views.xml 
2026-09-26 16:24:22,883 1 INFO odoo odoo.modules.loading: loading sms/views/res_partner_views.xml 
2026-09-26 16:24:22,914 1 INFO odoo odoo.modules.loading: loading sms/views/iap_account_views.xml 
2026-09-26 16:24:22,938 1 INFO odoo odoo.modules.loading: loading sms/views/sms_sms_views.xml 
2026-09-26 16:24:22,989 1 INFO odoo odoo.modules.loading: loading sms/views/sms_template_views.xml 
2026-09-26 16:24:23,034 1 INFO odoo odoo.modules.loading: loading sms/security/ir.model.access.csv 
2026-09-26 16:24:23,071 1 INFO odoo odoo.modules.loading: loading sms/security/sms_security.xml 
2026-09-26 16:24:23,082 1 INFO odoo odoo.modules.loading: Module sms: loading demo 
2026-09-26 16:24:23,083 1 INFO odoo odoo.modules.loading: loading sms/data/sms_demo.xml 
2026-09-26 16:24:23,094 1 INFO odoo odoo.modules.loading: loading sms/data/mail_demo.xml 
2026-09-26 16:24:23,186 1 INFO odoo odoo.modules.loading: Module sms loaded in 2.32s, 2521 queries (+2521 other) 
2026-09-26 16:24:23,186 1 INFO odoo odoo.modules.loading: Loading module snailmail (44/88) 
2026-09-26 16:24:23,338 1 INFO odoo odoo.registry: module snailmail: creating or updating database tables 
2026-09-26 16:24:23,699 1 INFO odoo odoo.modules.loading: loading snailmail/data/iap_service_data.xml 
2026-09-26 16:24:23,707 1 INFO odoo odoo.modules.loading: loading snailmail/data/snailmail_data.xml 
2026-09-26 16:24:23,750 1 INFO odoo odoo.modules.loading: loading snailmail/views/report_assets.xml 
2026-09-26 16:24:23,776 1 INFO odoo odoo.modules.loading: loading snailmail/views/snailmail_views.xml 
2026-09-26 16:24:23,812 1 INFO odoo odoo.modules.loading: loading snailmail/security/ir.model.access.csv 
2026-09-26 16:24:23,854 1 INFO odoo odoo.modules.loading: Module snailmail loaded in 0.67s, 483 queries (+483 other) 
2026-09-26 16:24:23,854 1 INFO odoo odoo.modules.loading: Loading module auth_passkey_portal (45/88) 
2026-09-26 16:24:23,870 1 INFO odoo odoo.modules.loading: loading auth_passkey_portal/views/templates.xml 
2026-09-26 16:24:23,919 1 INFO odoo odoo.modules.loading: Module auth_passkey_portal loaded in 0.06s, 22 queries (+22 other) 
2026-09-26 16:24:23,919 1 INFO odoo odoo.modules.loading: Loading module auth_totp_portal (46/88) 
2026-09-26 16:24:23,941 1 INFO odoo odoo.registry: module auth_totp_portal: creating or updating database tables 
2026-09-26 16:24:23,978 1 INFO odoo odoo.modules.loading: loading auth_totp_portal/security/security.xml 
2026-09-26 16:24:24,006 1 INFO odoo odoo.modules.loading: loading auth_totp_portal/views/templates.xml 
2026-09-26 16:24:24,037 1 INFO odoo odoo.modules.loading: Module auth_totp_portal loaded in 0.12s, 70 queries (+70 other) 
2026-09-26 16:24:24,037 1 INFO odoo odoo.modules.loading: Loading module digest (47/88) 
2026-09-26 16:24:24,058 1 INFO odoo odoo.registry: module digest: creating or updating database tables 
2026-09-26 16:24:24,239 1 INFO odoo odoo.modules.loading: loading digest/security/ir.model.access.csv 
2026-09-26 16:24:24,253 1 INFO odoo odoo.modules.loading: loading digest/data/digest_data.xml 
2026-09-26 16:24:24,291 1 INFO odoo odoo.modules.loading: loading digest/data/digest_tips_data.xml 
2026-09-26 16:24:24,321 1 INFO odoo odoo.modules.loading: loading digest/data/ir_cron_data.xml 
2026-09-26 16:24:24,357 1 INFO odoo odoo.modules.loading: loading digest/data/res_config_settings_data.xml 
2026-09-26 16:24:24,368 1 INFO odoo odoo.modules.loading: loading digest/views/digest_views.xml 
2026-09-26 16:24:24,456 1 INFO odoo odoo.modules.loading: loading digest/views/digest_templates.xml 
2026-09-26 16:24:24,467 1 INFO odoo odoo.modules.loading: loading digest/views/res_config_settings_views.xml 
2026-09-26 16:24:24,535 1 INFO odoo odoo.modules.loading: Module digest loaded in 0.50s, 326 queries (+326 other) 
2026-09-26 16:24:24,535 1 INFO odoo odoo.modules.loading: Loading module payment (48/88) 
2026-09-26 16:24:24,585 1 INFO odoo odoo.registry: module payment: creating or updating database tables 
2026-09-26 16:24:25,022 1 INFO odoo odoo.modules.loading: loading payment/data/ir_actions_server_data.xml 
2026-09-26 16:24:25,055 1 INFO odoo odoo.modules.loading: loading payment/data/payment_method_data.xml 
2026-09-26 16:24:27,716 1 INFO odoo odoo.modules.loading: loading payment/data/payment_provider_data.xml 
2026-09-26 16:24:28,063 1 INFO odoo odoo.modules.loading: loading payment/data/payment_cron.xml 
2026-09-26 16:24:28,100 1 INFO odoo odoo.modules.loading: loading payment/views/express_checkout_templates.xml 
2026-09-26 16:24:28,111 1 INFO odoo odoo.modules.loading: loading payment/views/payment_form_templates.xml 
2026-09-26 16:24:28,177 1 INFO odoo odoo.modules.loading: loading payment/views/portal_templates.xml 
2026-09-26 16:24:28,237 1 INFO odoo odoo.modules.loading: loading payment/views/payment_provider_views.xml 
2026-09-26 16:24:28,284 1 INFO odoo odoo.modules.loading: loading payment/views/payment_method_views.xml 
2026-09-26 16:24:28,320 1 INFO odoo odoo.modules.loading: loading payment/views/payment_transaction_views.xml 
2026-09-26 16:24:28,371 1 INFO odoo odoo.modules.loading: loading payment/views/payment_token_views.xml 
2026-09-26 16:24:28,399 1 INFO odoo odoo.modules.loading: loading payment/views/res_partner_views.xml 
2026-09-26 16:24:28,422 1 INFO odoo odoo.modules.loading: loading payment/security/ir.model.access.csv 
2026-09-26 16:24:29,538 1 INFO odoo odoo.modules.loading: loading payment/security/payment_security.xml 
2026-09-26 16:24:29,612 1 INFO odoo odoo.modules.loading: loading payment/wizards/payment_capture_wizard_views.xml 
2026-09-26 16:24:29,638 1 INFO odoo odoo.modules.loading: loading payment/wizards/payment_link_wizard_views.xml 
2026-09-26 16:24:29,695 1 INFO odoo odoo.modules.loading: Module payment loaded in 5.16s, 2517 queries (+2517 other) 
2026-09-26 16:24:29,695 1 INFO odoo odoo.modules.loading: Loading module portal_rating (49/88) 
2026-09-26 16:24:29,715 1 INFO odoo odoo.registry: module portal_rating: creating or updating database tables 
2026-09-26 16:24:29,822 1 INFO odoo odoo.modules.loading: loading portal_rating/views/rating_rating_views.xml 
2026-09-26 16:24:29,873 1 INFO odoo odoo.modules.loading: loading portal_rating/views/portal_templates.xml 
2026-09-26 16:24:29,888 1 INFO odoo odoo.modules.loading: loading portal_rating/views/rating_templates.xml 
2026-09-26 16:24:29,928 1 INFO odoo odoo.modules.loading: Module portal_rating loaded in 0.23s, 130 queries (+130 other) 
2026-09-26 16:24:29,928 1 INFO odoo odoo.modules.loading: Loading module spreadsheet (50/88) 
2026-09-26 16:24:29,948 1 INFO odoo odoo.registry: module spreadsheet: creating or updating database tables 
2026-09-26 16:24:30,049 1 INFO odoo odoo.modules.loading: loading spreadsheet/views/public_readonly_spreadsheet_templates.xml 
2026-09-26 16:24:30,075 1 INFO odoo odoo.modules.loading: Module spreadsheet loaded in 0.15s, 93 queries (+93 other) 
2026-09-26 16:24:30,075 1 INFO odoo odoo.modules.loading: Loading module account (51/88) 
2026-09-26 16:24:30,282 1 INFO odoo odoo.registry: module account: creating or updating database tables 
2026-09-26 16:24:30,392 1 INFO odoo odoo.models: Prepare computation of res.partner.bank.has_iban_warning 
2026-09-26 16:24:30,392 1 INFO odoo odoo.models: Prepare computation of res.partner.bank.has_money_transfer_warning 
2026-09-26 16:24:30,505 1 INFO odoo odoo.models: Prepare computation of res.company.domestic_fiscal_position_id 
2026-09-26 16:24:30,505 1 INFO odoo odoo.models: Prepare computation of res.company.account_fiscal_country_id 
2026-09-26 16:24:30,505 1 INFO odoo odoo.models: Prepare computation of res.company.invoice_terms_html 
2026-09-26 16:24:30,505 1 INFO odoo odoo.models: Prepare computation of res.company.account_storno 
2026-09-26 16:24:33,589 1 INFO odoo odoo.modules.loading: loading account/security/account_security.xml 
2026-09-26 16:24:33,937 1 INFO odoo odoo.modules.loading: loading account/security/ir.model.access.csv 
2026-09-26 16:24:34,008 1 INFO odoo odoo.modules.loading: loading account/data/account_data.xml 
2026-09-26 16:24:34,144 1 INFO odoo odoo.modules.loading: loading account/data/digest_data.xml 
2026-09-26 16:24:34,156 1 INFO odoo odoo.modules.loading: loading account/views/account_report.xml 
2026-09-26 16:24:34,190 1 INFO odoo odoo.modules.loading: loading account/data/mail_template_data.xml 
2026-09-26 16:24:34,254 1 INFO odoo odoo.modules.loading: loading account/data/onboarding_data.xml 
2026-09-26 16:24:34,294 1 INFO odoo odoo.modules.loading: loading account/data/account_tour.xml 
2026-09-26 16:24:34,302 1 INFO odoo odoo.modules.loading: loading account/data/ir_sequence.xml 
2026-09-26 16:24:34,310 1 INFO odoo odoo.modules.loading: loading account/data/res_country_group.xml 
2026-09-26 16:24:34,334 1 INFO odoo odoo.modules.loading: loading account/views/account_payment_view.xml 
2026-09-26 16:24:34,476 1 INFO odoo odoo.modules.loading: loading account/wizard/account_automatic_entry_wizard_views.xml 
2026-09-26 16:24:34,495 1 INFO odoo odoo.modules.loading: loading account/wizard/account_autopost_bills_wizard.xml 
2026-09-26 16:24:34,508 1 INFO odoo odoo.modules.loading: loading account/wizard/account_unreconcile_view.xml 
2026-09-26 16:24:34,524 1 INFO odoo odoo.modules.loading: loading account/wizard/account_move_reversal_view.xml 
2026-09-26 16:24:34,543 1 INFO odoo odoo.modules.loading: loading account/wizard/account_resequence_views.xml 
2026-09-26 16:24:34,561 1 INFO odoo odoo.modules.loading: loading account/wizard/account_payment_register_views.xml 
2026-09-26 16:24:34,580 1 INFO odoo odoo.modules.loading: loading account/views/account_move_views.xml 
2026-09-26 16:24:35,411 1 INFO odoo odoo.modules.loading: loading account/wizard/setup_wizards_view.xml 
2026-09-26 16:24:35,459 1 INFO odoo odoo.modules.loading: loading account/views/account_account_views.xml 
2026-09-26 16:24:35,519 1 INFO odoo odoo.modules.loading: loading account/views/account_group_views.xml 
2026-09-26 16:24:35,542 1 INFO odoo odoo.modules.loading: loading account/views/account_journal_views.xml 
2026-09-26 16:24:35,619 1 INFO odoo odoo.modules.loading: loading account/views/account_account_tag_views.xml 
2026-09-26 16:24:35,645 1 INFO odoo odoo.modules.loading: loading account/views/account_bank_statement_views.xml 
2026-09-26 16:24:35,694 1 INFO odoo odoo.modules.loading: loading account/views/account_reconcile_model_views.xml 
2026-09-26 16:24:35,736 1 INFO odoo odoo.modules.loading: loading account/views/account_tax_views.xml 
2026-09-26 16:24:35,858 1 INFO odoo odoo.modules.loading: loading account/views/account_full_reconcile_views.xml 
2026-09-26 16:24:35,871 1 INFO odoo odoo.modules.loading: loading account/views/account_payment_term_views.xml 
2026-09-26 16:24:35,917 1 INFO odoo odoo.modules.loading: loading account/views/account_payment_method.xml 
2026-09-26 16:24:35,934 1 INFO odoo odoo.modules.loading: loading account/views/res_partner_bank_views.xml 
2026-09-26 16:24:35,973 1 INFO odoo odoo.modules.loading: loading account/views/report_statement.xml 
2026-09-26 16:24:35,997 1 INFO odoo odoo.modules.loading: loading account/views/terms_template.xml 
2026-09-26 16:24:36,017 1 INFO odoo odoo.modules.loading: loading account/wizard/account_validate_move_view.xml 
2026-09-26 16:24:36,046 1 INFO odoo odoo.modules.loading: loading account/views/res_company_views.xml 
2026-09-26 16:24:36,086 1 INFO odoo odoo.modules.loading: loading account/views/product_view.xml 
2026-09-26 16:24:36,180 1 INFO odoo odoo.modules.loading: loading account/views/account_analytic_plan_views.xml 
2026-09-26 16:24:36,202 1 INFO odoo odoo.modules.loading: loading account/views/account_analytic_account_views.xml 
2026-09-26 16:24:36,235 1 INFO odoo odoo.modules.loading: loading account/views/account_analytic_distribution_model_views.xml 
2026-09-26 16:24:36,264 1 INFO odoo odoo.modules.loading: loading account/views/account_analytic_line_views.xml 
2026-09-26 16:24:36,320 1 INFO odoo odoo.modules.loading: loading account/views/report_invoice.xml 
2026-09-26 16:24:36,386 1 INFO odoo odoo.modules.loading: loading account/report/account_invoice_report_view.xml 
2026-09-26 16:24:36,455 1 INFO odoo odoo.modules.loading: loading account/views/account_cash_rounding_view.xml 
2026-09-26 16:24:36,488 1 INFO odoo odoo.modules.loading: loading account/views/ir_actions_views.xml 
2026-09-26 16:24:36,511 1 INFO odoo odoo.modules.loading: loading account/views/ir_module_views.xml 
2026-09-26 16:24:36,526 1 INFO odoo odoo.modules.loading: loading account/views/base_document_layout_views.xml 
2026-09-26 16:24:36,545 1 INFO odoo odoo.modules.loading: loading account/views/res_config_settings_views.xml 
2026-09-26 16:24:36,623 1 INFO odoo odoo.modules.loading: loading account/views/partner_view.xml 
2026-09-26 16:24:36,749 1 INFO odoo odoo.modules.loading: loading account/views/account_journal_dashboard_view.xml 
2026-09-26 16:24:36,791 1 INFO odoo odoo.modules.loading: loading account/views/account_portal_templates.xml 
2026-09-26 16:24:36,890 1 INFO odoo odoo.modules.loading: loading account/views/report_payment_receipt_templates.xml 
2026-09-26 16:24:36,910 1 INFO odoo odoo.modules.loading: loading account/data/service_cron.xml 
2026-09-26 16:24:36,967 1 INFO odoo odoo.modules.loading: loading account/views/account_incoterms_view.xml 
2026-09-26 16:24:36,997 1 INFO odoo odoo.modules.loading: loading account/data/account_incoterms_data.xml 
2026-09-26 16:24:37,026 1 INFO odoo odoo.modules.loading: loading account/views/digest_views.xml 
2026-09-26 16:24:37,046 1 INFO odoo odoo.modules.loading: loading account/wizard/account_move_send_wizard.xml 
2026-09-26 16:24:37,060 1 INFO odoo odoo.modules.loading: loading account/wizard/account_move_send_batch_wizard.xml 
2026-09-26 16:24:37,074 1 INFO odoo odoo.modules.loading: loading account/report/account_hash_integrity_templates.xml 
2026-09-26 16:24:37,085 1 INFO odoo odoo.modules.loading: loading account/views/res_currency.xml 
2026-09-26 16:24:37,106 1 INFO odoo odoo.modules.loading: loading account/views/res_country_group_view.xml 
2026-09-26 16:24:37,126 1 INFO odoo odoo.modules.loading: loading account/views/account_menuitem.xml 
2026-09-26 16:24:37,425 1 INFO odoo odoo.modules.loading: loading account/wizard/account_secure_entries_wizard.xml 
2026-09-26 16:24:37,448 1 INFO odoo odoo.modules.loading: loading account/views/mail_message_views.xml 
2026-09-26 16:24:37,477 1 INFO odoo odoo.modules.loading: loading account/wizard/accrued_orders.xml 
2026-09-26 16:24:37,491 1 INFO odoo odoo.modules.loading: loading account/views/bill_preview_template.xml 
2026-09-26 16:24:37,505 1 INFO odoo odoo.modules.loading: loading account/data/account_reports_data.xml 
2026-09-26 16:24:37,573 1 INFO odoo odoo.modules.loading: loading account/views/uom_uom_views.xml 
2026-09-26 16:24:37,590 1 INFO odoo odoo.modules.loading: loading account/views/product_views.xml 
2026-09-26 16:24:37,617 1 INFO odoo odoo.modules.loading: loading account/views/tests_shared_js_python.xml 
2026-09-26 16:24:37,626 1 INFO odoo odoo.modules.loading: loading account/views/account_lock_exception_views.xml 
2026-09-26 16:24:37,644 1 INFO odoo odoo.modules.loading: loading account/views/report_templates.xml 
2026-09-26 16:24:37,685 1 INFO odoo odoo.modules.loading: loading account/wizard/account_merge_wizard_views.xml 
2026-09-26 16:24:37,713 1 INFO odoo odoo.modules.loading: loading account/data/ir_config_parameter_data.xml 
2026-09-26 16:24:37,720 1 INFO odoo odoo.modules.loading: Module account: loading demo 
2026-09-26 16:24:37,721 1 INFO odoo odoo.modules.loading: loading account/demo/account_demo.xml 
2026-09-26 16:24:43,187 1 INFO odoo odoo.addons.mail.models.mail_mail: Processed batch of 1 mail.mail records via mail server ID #False 
2026-09-26 16:24:43,195 1 INFO odoo odoo.addons.mail.models.mail_mail: Processed batch of 1 mail.mail records via mail server ID #False 
2026-09-26 16:24:43,203 1 INFO odoo odoo.addons.mail.models.mail_mail: Processed batch of 1 mail.mail records via mail server ID #False 
2026-09-26 16:24:43,213 1 INFO odoo odoo.addons.mail.models.mail_mail: Processed batch of 1 mail.mail records via mail server ID #False 
2026-09-26 16:24:43,251 1 INFO odoo odoo.modules.loading: Module account loaded in 13.18s, 8820 queries (+8874 other) 
2026-09-26 16:24:43,251 1 INFO odoo odoo.modules.loading: Loading module payment_custom (52/88) 
2026-09-26 16:24:43,273 1 INFO odoo odoo.registry: module payment_custom: creating or updating database tables 
2026-09-26 16:24:43,358 1 INFO odoo odoo.modules.loading: loading payment_custom/views/payment_custom_templates.xml 
2026-09-26 16:24:43,414 1 INFO odoo odoo.modules.loading: loading payment_custom/views/payment_provider_views.xml 
2026-09-26 16:24:43,443 1 INFO odoo odoo.modules.loading: loading payment_custom/data/payment_method_data.xml 
2026-09-26 16:24:43,460 1 INFO odoo odoo.modules.loading: loading payment_custom/data/payment_provider_data.xml 
2026-09-26 16:24:43,537 1 INFO odoo odoo.modules.loading: Module payment_custom loaded in 0.29s, 155 queries (+155 other) 
2026-09-26 16:24:43,537 1 INFO odoo odoo.modules.loading: Loading module spreadsheet_dashboard (53/88) 
2026-09-26 16:24:43,552 1 INFO odoo odoo.registry: module spreadsheet_dashboard: creating or updating database tables 
2026-09-26 16:24:43,739 1 INFO odoo odoo.modules.loading: loading spreadsheet_dashboard/security/security.xml 
2026-09-26 16:24:43,822 1 INFO odoo odoo.modules.loading: loading spreadsheet_dashboard/security/ir.model.access.csv 
2026-09-26 16:24:43,836 1 INFO odoo odoo.modules.loading: loading spreadsheet_dashboard/views/spreadsheet_dashboard_views.xml 
2026-09-26 16:24:43,876 1 INFO odoo odoo.modules.loading: loading spreadsheet_dashboard/views/menu_views.xml 
2026-09-26 16:24:43,922 1 INFO odoo odoo.modules.loading: loading spreadsheet_dashboard/data/dashboard.xml 
2026-09-26 16:24:43,962 1 INFO odoo odoo.modules.loading: Module spreadsheet_dashboard loaded in 0.42s, 311 queries (+311 other) 
2026-09-26 16:24:43,962 1 INFO odoo odoo.modules.loading: Loading module stock (54/88) 
2026-09-26 16:24:44,116 1 INFO odoo odoo.registry: module stock: creating or updating database tables 
2026-09-26 16:24:44,396 1 INFO odoo odoo.models: Prepare computation of product.template.tracking 
2026-09-26 16:24:44,397 1 INFO odoo odoo.models: Prepare computation of product.template.is_storable 
2026-09-26 16:24:46,784 1 INFO odoo odoo.modules.loading: loading stock/security/stock_security.xml 
2026-09-26 16:24:47,032 1 INFO odoo odoo.modules.loading: loading stock/security/ir.model.access.csv 
2026-09-26 16:24:47,088 1 INFO odoo odoo.modules.loading: loading stock/data/digest_data.xml 
2026-09-26 16:24:47,097 1 INFO odoo odoo.modules.loading: loading stock/data/mail_templates.xml 
2026-09-26 16:24:47,111 1 INFO odoo odoo.modules.loading: loading stock/data/default_barcode_patterns.xml 
2026-09-26 16:24:47,127 1 INFO odoo odoo.modules.loading: loading stock/data/stock_data.xml 
2026-09-26 16:24:47,493 1 INFO odoo odoo.modules.loading: loading stock/data/stock_sequence_data.xml 
2026-09-26 16:24:47,544 1 INFO odoo odoo.modules.loading: loading stock/data/stock_traceability_report_data.xml 
2026-09-26 16:24:47,550 1 INFO odoo odoo.modules.loading: loading stock/report/report_stock_quantity.xml 
2026-09-26 16:24:47,561 1 INFO odoo odoo.modules.loading: loading stock/report/report_stock_reception.xml 
2026-09-26 16:24:47,590 1 INFO odoo odoo.modules.loading: loading stock/report/stock_report_views.xml 
2026-09-26 16:24:47,666 1 INFO odoo odoo.modules.loading: loading stock/report/report_package_barcode.xml 
2026-09-26 16:24:47,719 1 INFO odoo odoo.modules.loading: loading stock/report/report_lot_barcode.xml 
2026-09-26 16:24:47,733 1 INFO odoo odoo.modules.loading: loading stock/report/report_location_barcode.xml 
2026-09-26 16:24:47,749 1 INFO odoo odoo.modules.loading: loading stock/report/report_stockpicking_operations.xml 
2026-09-26 16:24:47,777 1 INFO odoo odoo.modules.loading: loading stock/report/report_deliveryslip.xml 
2026-09-26 16:24:47,824 1 INFO odoo odoo.modules.loading: loading stock/report/report_stockinventory.xml 
2026-09-26 16:24:47,835 1 INFO odoo odoo.modules.loading: loading stock/report/report_stock_rule.xml 
2026-09-26 16:24:47,879 1 INFO odoo odoo.modules.loading: loading stock/report/package_templates.xml 
2026-09-26 16:24:47,893 1 INFO odoo odoo.modules.loading: loading stock/report/packaging_barcode.xml 
2026-09-26 16:24:47,903 1 INFO odoo odoo.modules.loading: loading stock/report/picking_templates.xml 
2026-09-26 16:24:47,930 1 INFO odoo odoo.modules.loading: loading stock/report/product_templates.xml 
2026-09-26 16:24:47,967 1 INFO odoo odoo.modules.loading: loading stock/report/report_return_slip.xml 
2026-09-26 16:24:47,986 1 INFO odoo odoo.modules.loading: loading stock/data/mail_template_data.xml 
2026-09-26 16:24:47,999 1 INFO odoo odoo.modules.loading: loading stock/views/stock_menu_views.xml 
2026-09-26 16:24:48,081 1 INFO odoo odoo.modules.loading: loading stock/wizard/stock_picking_return_views.xml 
2026-09-26 16:24:48,104 1 INFO odoo odoo.modules.loading: loading stock/wizard/stock_inventory_conflict.xml 
2026-09-26 16:24:48,122 1 INFO odoo odoo.modules.loading: loading stock/wizard/stock_backorder_confirmation_views.xml 
2026-09-26 16:24:48,139 1 INFO odoo odoo.modules.loading: loading stock/wizard/stock_quantity_history.xml 
2026-09-26 16:24:48,152 1 INFO odoo odoo.modules.loading: loading stock/wizard/stock_request_count.xml 
2026-09-26 16:24:48,169 1 INFO odoo odoo.modules.loading: loading stock/wizard/stock_replenishment_info.xml 
2026-09-26 16:24:48,207 1 INFO odoo odoo.modules.loading: loading stock/wizard/stock_rules_report_views.xml 
2026-09-26 16:24:48,225 1 INFO odoo odoo.modules.loading: loading stock/wizard/stock_warn_insufficient_qty_views.xml 
2026-09-26 16:24:48,251 1 INFO odoo odoo.modules.loading: loading stock/wizard/product_replenish_views.xml 
2026-09-26 16:24:48,269 1 INFO odoo odoo.modules.loading: loading stock/wizard/product_label_layout_views.xml 
2026-09-26 16:24:48,304 1 INFO odoo odoo.modules.loading: loading stock/wizard/stock_orderpoint_snooze_views.xml 
2026-09-26 16:24:48,319 1 INFO odoo odoo.modules.loading: loading stock/wizard/stock_package_destination_views.xml 
2026-09-26 16:24:48,335 1 INFO odoo odoo.modules.loading: loading stock/wizard/stock_inventory_adjustment_name.xml 
2026-09-26 16:24:48,351 1 INFO odoo odoo.modules.loading: loading stock/wizard/stock_inventory_warning.xml 
2026-09-26 16:24:48,369 1 INFO odoo odoo.modules.loading: loading stock/wizard/stock_label_type.xml 
2026-09-26 16:24:48,382 1 INFO odoo odoo.modules.loading: loading stock/wizard/stock_lot_label_layout.xml 
2026-09-26 16:24:48,395 1 INFO odoo odoo.modules.loading: loading stock/wizard/stock_quant_relocate.xml 
2026-09-26 16:24:48,410 1 INFO odoo odoo.modules.loading: loading stock/wizard/stock_put_in_pack_views.xml 
2026-09-26 16:24:48,425 1 INFO odoo odoo.modules.loading: loading stock/views/res_partner_views.xml 
2026-09-26 16:24:48,465 1 INFO odoo odoo.modules.loading: loading stock/views/product_strategy_views.xml 
2026-09-26 16:24:48,511 1 INFO odoo odoo.modules.loading: loading stock/views/stock_lot_views.xml 
2026-09-26 16:24:48,568 1 INFO odoo odoo.modules.loading: loading stock/views/stock_scrap_views.xml 
2026-09-26 16:24:48,630 1 INFO odoo odoo.modules.loading: loading stock/views/stock_quant_views.xml 
2026-09-26 16:24:49,165 1 INFO odoo odoo.modules.loading: loading stock/views/stock_warehouse_views.xml 
2026-09-26 16:24:49,204 1 INFO odoo odoo.modules.loading: loading stock/views/stock_move_line_views.xml 
2026-09-26 16:24:49,292 1 INFO odoo odoo.modules.loading: loading stock/views/stock_move_views.xml 
2026-09-26 16:24:49,567 1 INFO odoo odoo.modules.loading: loading stock/views/stock_picking_views.xml 
2026-09-26 16:24:49,966 1 INFO odoo odoo.modules.loading: loading stock/views/stock_picking_type_views.xml 
2026-09-26 16:24:50,034 1 INFO odoo odoo.modules.loading: loading stock/views/product_views.xml 
2026-09-26 16:24:50,392 1 INFO odoo odoo.modules.loading: loading stock/views/stock_location_views.xml 
2026-09-26 16:24:50,512 1 INFO odoo odoo.modules.loading: loading stock/views/stock_orderpoint_views.xml 
2026-09-26 16:24:50,615 1 INFO odoo odoo.modules.loading: loading stock/views/stock_storage_category_views.xml 
2026-09-26 16:24:50,679 1 INFO odoo odoo.modules.loading: loading stock/views/res_config_settings_views.xml 
2026-09-26 16:24:50,771 1 INFO odoo odoo.modules.loading: loading stock/views/report_stock_traceability.xml 
2026-09-26 16:24:50,786 1 INFO odoo odoo.modules.loading: loading stock/views/stock_template.xml 
2026-09-26 16:24:50,801 1 INFO odoo odoo.modules.loading: loading stock/views/stock_rule_views.xml 
2026-09-26 16:24:50,855 1 INFO odoo odoo.modules.loading: loading stock/views/stock_package_history_views.xml 
2026-09-26 16:24:50,874 1 INFO odoo odoo.modules.loading: loading stock/views/stock_package_type_view.xml 
2026-09-26 16:24:50,914 1 INFO odoo odoo.modules.loading: loading stock/views/stock_package_views.xml 
2026-09-26 16:24:50,976 1 INFO odoo odoo.modules.loading: loading stock/views/stock_forecasted.xml 
2026-09-26 16:24:50,987 1 INFO odoo odoo.modules.loading: loading stock/views/stock_reference_views.xml 
2026-09-26 16:24:51,025 1 INFO odoo odoo.modules.loading: loading stock/views/uom_uom_views.xml 
2026-09-26 16:24:51,055 1 INFO odoo odoo.modules.loading: Module stock: loading demo 
2026-09-26 16:24:51,056 1 INFO odoo odoo.modules.loading: loading stock/data/stock_demo_pre.xml 
2026-09-26 16:24:51,574 1 INFO odoo odoo.modules.loading: loading stock/data/stock_demo.xml 
2026-09-26 16:24:52,965 1 INFO odoo odoo.modules.loading: loading stock/data/stock_demo2.xml 
2026-09-26 16:24:53,891 1 INFO odoo odoo.modules.loading: loading stock/data/stock_orderpoint_demo.xml 
2026-09-26 16:24:53,924 1 INFO odoo odoo.modules.loading: loading stock/data/stock_storage_category_demo.xml 
2026-09-26 16:24:54,580 1 INFO odoo odoo.modules.loading: Module stock loaded in 10.62s, 6941 queries (+6941 other) 
2026-09-26 16:24:54,580 1 INFO odoo odoo.modules.loading: Loading module website (55/88) 
2026-09-26 16:24:54,948 1 INFO odoo odoo.registry: module website: creating or updating database tables 
2026-09-26 16:24:55,094 1 INFO odoo odoo.models: Prepare computation of ir.ui.view.is_seo_optimized 
2026-09-26 16:24:55,111 1 INFO odoo odoo.models: Prepare computation of res.company.website_id 
2026-09-26 16:24:58,566 1 INFO odoo odoo.modules.loading: loading website/security/website_security.xml 
2026-09-26 16:24:58,795 1 INFO odoo odoo.modules.loading: loading website/security/ir.model.access.csv 
2026-09-26 16:24:58,843 1 INFO odoo odoo.modules.loading: loading website/data/image_library.xml 
2026-09-26 16:24:59,771 1 INFO odoo odoo.modules.loading: loading website/data/ir_asset.xml 
2026-09-26 16:24:59,797 1 INFO odoo odoo.modules.loading: loading website/data/ir_cron_data.xml 
2026-09-26 16:24:59,858 1 INFO odoo odoo.modules.loading: loading website/data/mail_mail_data.xml 
2026-09-26 16:24:59,870 1 INFO odoo odoo.modules.loading: loading website/data/website_data.xml 
2026-09-26 16:25:00,103 1 INFO odoo odoo.modules.loading: loading website/data/website_visitor_cron.xml 
2026-09-26 16:25:00,126 1 INFO odoo odoo.modules.loading: loading website/data/digest_data.xml 
2026-09-26 16:25:00,143 1 INFO odoo odoo.modules.loading: loading website/views/website_technical_views.xml 
2026-09-26 16:25:00,159 1 INFO odoo odoo.modules.loading: loading website/views/website_templates.xml 
2026-09-26 16:25:02,085 1 INFO odoo odoo.modules.loading: loading website/views/snippets/snippets.xml 
2026-09-26 16:25:02,124 1 INFO odoo odoo.modules.loading: loading website/views/snippets/s_announcement_scroll.xml 
2026-09-26 16:25:02,138 1 INFO odoo odoo.modules.loading: loading website/views/snippets/s_framed_intro.xml 
2026-09-26 16:25:02,149 1 INFO odoo odoo.modules.loading: loading website/views/snippets/s_title.xml 
2026-09-26 16:25:02,165 1 INFO odoo odoo.modules.loading: loading website/views/snippets/s_cover.xml 
2026-09-26 16:25:02,176 1 INFO odoo odoo.modules.loading: loading website/views/snippets/s_text_cover.xml 
2026-09-26 16:25:02,187 1 INFO odoo odoo.modules.loading: loading website/views/snippets/s_image_text_box.xml 
2026-09-26 16:25:02,197 1 INFO odoo odoo.modules.loading: loading website/views/snippets/s_striped_top.xml 
2026-09-26 16:25:02,207 1 INFO odoo odoo.modules.loading: loading website/views/snippets/s_text_image.xml 
2026-09-26 16:25:02,216 1 INFO odoo odoo.modules.loading: loading website/views/snippets/s_image_text.xml 
2026-09-26 16:25:02,227 1 INFO odoo odoo.modules.loading: loading website/views/snippets/s_mockup_image.xml 
2026-09-26 16:25:02,238 1 INFO odoo odoo.modules.loading: loading website/views/snippets/s_instagram_page.xml 
2026-09-26 16:25:02,251 1 INFO odoo odoo.modules.loading: loading website/views/snippets/s_image_text_overlap.xml 
2026-09-26 16:25:02,261 1 INFO odoo odoo.modules.loading: loading website/views/snippets/s_banner.xml 
2026-09-26 16:25:02,273 1 INFO odoo odoo.modules.loading: loading website/views/snippets/s_bento_block.xml 
2026-09-26 16:25:02,283 1 INFO odoo odoo.modules.loading: loading website/views/snippets/s_snippet_group.xml 
2026-09-26 16:25:02,292 1 INFO odoo odoo.modules.loading: loading website/views/snippets/s_text_block.xml 
2026-09-26 16:25:02,302 1 INFO odoo odoo.modules.loading: loading website/views/snippets/s_features.xml 
2026-09-26 16:25:02,315 1 INFO odoo odoo.modules.loading: loading website/views/snippets/s_features_wall.xml 
2026-09-26 16:25:02,325 1 INFO odoo odoo.modules.loading: loading website/views/snippets/s_three_columns.xml 
2026-09-26 16:25:02,337 1 INFO odoo odoo.modules.loading: loading website/views/snippets/s_key_benefits.xml 
2026-09-26 16:25:02,349 1 INFO odoo odoo.modules.loading: loading website/views/snippets/s_picture.xml 
2026-09-26 16:25:02,359 1 INFO odoo odoo.modules.loading: loading website/views/snippets/s_image_punchy.xml 
2026-09-26 16:25:02,370 1 INFO odoo odoo.modules.loading: loading website/views/snippets/s_bento_grid.xml 
2026-09-26 16:25:02,383 1 INFO odoo odoo.modules.loading: loading website/views/snippets/s_carousel.xml 
2026-09-26 16:25:02,399 1 INFO odoo odoo.modules.loading: loading website/views/snippets/s_carousel_intro.xml 
2026-09-26 16:25:02,414 1 INFO odoo odoo.modules.loading: loading website/views/snippets/s_carousel_cards.xml 
2026-09-26 16:25:02,428 1 INFO odoo odoo.modules.loading: loading website/views/snippets/s_alert.xml 
2026-09-26 16:25:02,444 1 INFO odoo odoo.modules.loading: loading website/views/snippets/s_motto.xml 
2026-09-26 16:25:02,454 1 INFO odoo odoo.modules.loading: loading website/views/snippets/s_card.xml 
2026-09-26 16:25:02,465 1 INFO odoo odoo.modules.loading: loading website/views/snippets/s_cards_grid.xml 
2026-09-26 16:25:02,477 1 INFO odoo odoo.modules.loading: loading website/views/snippets/s_cards_soft.xml 
2026-09-26 16:25:02,488 1 INFO odoo odoo.modules.loading: loading website/views/snippets/s_share.xml 
2026-09-26 16:25:02,501 1 INFO odoo odoo.modules.loading: loading website/views/snippets/s_social_media.xml 
2026-09-26 16:25:02,514 1 INFO odoo odoo.modules.loading: loading website/views/snippets/s_rating.xml 
2026-09-26 16:25:02,531 1 INFO odoo odoo.modules.loading: loading website/views/snippets/s_hr.xml 
2026-09-26 16:25:02,543 1 INFO odoo odoo.modules.loading: loading website/views/snippets/s_closer_look.xml 
2026-09-26 16:25:02,553 1 INFO odoo odoo.modules.loading: loading website/views/snippets/s_facebook_page.xml 
2026-09-26 16:25:02,564 1 INFO odoo odoo.modules.loading: loading website/views/snippets/s_image_gallery.xml 
2026-09-26 16:25:02,595 1 INFO odoo odoo.modules.loading: loading website/views/snippets/s_countdown.xml 
2026-09-26 16:25:02,611 1 INFO odoo odoo.modules.loading: loading website/views/snippets/s_product_catalog.xml 
2026-09-26 16:25:02,631 1 INFO odoo odoo.modules.loading: loading website/views/snippets/s_comparisons.xml 
2026-09-26 16:25:02,650 1 INFO odoo odoo.modules.loading: loading website/views/snippets/s_comparisons_horizontal.xml 
2026-09-26 16:25:02,661 1 INFO odoo odoo.modules.loading: loading website/views/snippets/s_company_team.xml 
2026-09-26 16:25:02,677 1 INFO odoo odoo.modules.loading: loading website/views/snippets/s_company_team_basic.xml 
2026-09-26 16:25:02,687 1 INFO odoo odoo.modules.loading: loading website/views/snippets/s_company_team_shapes.xml 
2026-09-26 16:25:02,697 1 INFO odoo odoo.modules.loading: loading website/views/snippets/s_company_team_detail.xml 
2026-09-26 16:25:02,711 1 INFO odoo odoo.modules.loading: loading website/views/snippets/s_company_team_spotlight.xml 
2026-09-26 16:25:02,722 1 INFO odoo odoo.modules.loading: loading website/views/snippets/s_company_team_grid.xml 
2026-09-26 16:25:02,734 1 INFO odoo odoo.modules.loading: loading website/views/snippets/s_company_team_card.xml 
2026-09-26 16:25:02,746 1 INFO odoo odoo.modules.loading: loading website/views/snippets/s_call_to_action.xml 
2026-09-26 16:25:02,757 1 INFO odoo odoo.modules.loading: loading website/views/snippets/s_references.xml 
2026-09-26 16:25:02,770 1 INFO odoo odoo.modules.loading: loading website/views/snippets/s_references_social.xml 
2026-09-26 16:25:02,782 1 INFO odoo odoo.modules.loading: loading website/views/snippets/s_references_grid.xml 
2026-09-26 16:25:02,794 1 INFO odoo odoo.modules.loading: loading website/views/snippets/s_popup.xml 
2026-09-26 16:25:02,811 1 INFO odoo odoo.modules.loading: loading website/views/snippets/s_faq_list.xml 
2026-09-26 16:25:02,858 1 INFO odoo odoo.modules.loading: loading website/views/snippets/s_faq_collapse.xml 
2026-09-26 16:25:02,876 1 INFO odoo odoo.modules.loading: loading website/views/snippets/s_features_grid.xml 
2026-09-26 16:25:02,912 1 INFO odoo odoo.modules.loading: loading website/views/snippets/s_features_wave.xml 
2026-09-26 16:25:02,924 1 INFO odoo odoo.modules.loading: loading website/views/snippets/s_tabs.xml 
2026-09-26 16:25:02,945 1 INFO odoo odoo.modules.loading: loading website/views/snippets/s_tabs_images.xml 
2026-09-26 16:25:02,958 1 INFO odoo odoo.modules.loading: loading website/views/snippets/s_table_of_content.xml 
2026-09-26 16:25:02,972 1 INFO odoo odoo.modules.loading: loading website/views/snippets/s_images_constellation.xml 
2026-09-26 16:25:02,983 1 INFO odoo odoo.modules.loading: loading website/views/snippets/s_chart.xml 
2026-09-26 16:25:02,993 1 INFO odoo odoo.modules.loading: loading website/views/snippets/s_parallax.xml 
2026-09-26 16:25:03,001 1 INFO odoo odoo.modules.loading: loading website/views/snippets/s_quotes_carousel.xml 
2026-09-26 16:25:03,020 1 INFO odoo odoo.modules.loading: loading website/views/snippets/s_numbers_grid.xml 
2026-09-26 16:25:03,031 1 INFO odoo odoo.modules.loading: loading website/views/snippets/s_quotes_carousel_minimal.xml 
2026-09-26 16:25:03,044 1 INFO odoo odoo.modules.loading: loading website/views/snippets/s_quotes_carousel_compact.xml 
2026-09-26 16:25:03,057 1 INFO odoo odoo.modules.loading: loading website/views/snippets/s_numbers.xml 
2026-09-26 16:25:03,066 1 INFO odoo odoo.modules.loading: loading website/views/snippets/s_contact_info.xml 
2026-09-26 16:25:03,077 1 INFO odoo odoo.modules.loading: loading website/views/snippets/s_numbers_boxed.xml 
2026-09-26 16:25:03,088 1 INFO odoo odoo.modules.loading: loading website/views/snippets/s_cta_box.xml 
2026-09-26 16:25:03,096 1 INFO odoo odoo.modules.loading: loading website/views/snippets/s_numbers_framed.xml 
2026-09-26 16:25:03,106 1 INFO odoo odoo.modules.loading: loading website/views/snippets/s_masonry_block.xml 
2026-09-26 16:25:03,165 1 INFO odoo odoo.modules.loading: loading website/views/snippets/s_sidegrid.xml 
2026-09-26 16:25:03,174 1 INFO odoo odoo.modules.loading: loading website/views/snippets/s_media_list.xml 
2026-09-26 16:25:03,188 1 INFO odoo odoo.modules.loading: loading website/views/snippets/s_showcase.xml 
2026-09-26 16:25:03,207 1 INFO odoo odoo.modules.loading: loading website/views/snippets/s_faq_horizontal.xml 
2026-09-26 16:25:03,220 1 INFO odoo odoo.modules.loading: loading website/views/snippets/s_floating_blocks.xml 
2026-09-26 16:25:03,234 1 INFO odoo odoo.modules.loading: loading website/views/snippets/s_opening_hours.xml 
2026-09-26 16:25:03,244 1 INFO odoo odoo.modules.loading: loading website/views/snippets/s_timeline.xml 
2026-09-26 16:25:03,262 1 INFO odoo odoo.modules.loading: loading website/views/snippets/s_timeline_images.xml 
2026-09-26 16:25:03,273 1 INFO odoo odoo.modules.loading: loading website/views/snippets/s_timeline_list.xml 
2026-09-26 16:25:03,286 1 INFO odoo odoo.modules.loading: loading website/views/snippets/s_process_steps.xml 
2026-09-26 16:25:03,305 1 INFO odoo odoo.modules.loading: loading website/views/snippets/s_accordion.xml 
2026-09-26 16:25:03,318 1 INFO odoo odoo.modules.loading: loading website/views/snippets/s_website_form_info.xml 
2026-09-26 16:25:03,327 1 INFO odoo odoo.modules.loading: loading website/views/snippets/s_numbers_showcase.xml 
2026-09-26 16:25:03,338 1 INFO odoo odoo.modules.loading: loading website/views/snippets/s_numbers_charts.xml 
2026-09-26 16:25:03,349 1 INFO odoo odoo.modules.loading: loading website/views/snippets/s_accordion_image.xml 
2026-09-26 16:25:03,357 1 INFO odoo odoo.modules.loading: loading website/views/snippets/s_pricelist_boxed.xml 
2026-09-26 16:25:03,376 1 INFO odoo odoo.modules.loading: loading website/views/snippets/s_adventure.xml 
2026-09-26 16:25:03,387 1 INFO odoo odoo.modules.loading: loading website/views/snippets/s_image_title.xml 
2026-09-26 16:25:03,397 1 INFO odoo odoo.modules.loading: loading website/views/snippets/s_key_images.xml 
2026-09-26 16:25:03,406 1 INFO odoo odoo.modules.loading: loading website/views/snippets/s_kickoff.xml 
2026-09-26 16:25:03,416 1 INFO odoo odoo.modules.loading: loading website/views/snippets/s_discovery.xml 
2026-09-26 16:25:03,426 1 INFO odoo odoo.modules.loading: loading website/views/snippets/s_bento_banner.xml 
2026-09-26 16:25:03,437 1 INFO odoo odoo.modules.loading: loading website/views/snippets/s_striped.xml 
2026-09-26 16:25:03,448 1 INFO odoo odoo.modules.loading: loading website/views/snippets/s_intro_pill.xml 
2026-09-26 16:25:03,459 1 INFO odoo odoo.modules.loading: loading website/views/snippets/s_big_number.xml 
2026-09-26 16:25:03,469 1 INFO odoo odoo.modules.loading: loading website/views/snippets/s_wavy_grid.xml 
2026-09-26 16:25:03,479 1 INFO odoo odoo.modules.loading: loading website/views/snippets/s_images_mosaic.xml 
2026-09-26 16:25:03,490 1 INFO odoo odoo.modules.loading: loading website/views/snippets/s_shape_image.xml 
2026-09-26 16:25:03,499 1 INFO odoo odoo.modules.loading: loading website/views/snippets/s_empowerment.xml 
2026-09-26 16:25:03,511 1 INFO odoo odoo.modules.loading: loading website/views/snippets/s_split_intro.xml 
2026-09-26 16:25:03,523 1 INFO odoo odoo.modules.loading: loading website/views/snippets/s_text_highlight.xml 
2026-09-26 16:25:03,534 1 INFO odoo odoo.modules.loading: loading website/views/snippets/s_pricelist_cafe.xml 
2026-09-26 16:25:03,555 1 INFO odoo odoo.modules.loading: loading website/views/snippets/s_progress_bar.xml 
2026-09-26 16:25:03,568 1 INFO odoo odoo.modules.loading: loading website/views/snippets/s_blockquote.xml 
2026-09-26 16:25:03,583 1 INFO odoo odoo.modules.loading: loading website/views/snippets/s_badge.xml 
2026-09-26 16:25:03,598 1 INFO odoo odoo.modules.loading: loading website/views/snippets/s_color_blocks_2.xml 
2026-09-26 16:25:03,611 1 INFO odoo odoo.modules.loading: loading website/views/snippets/s_attributes_horizontal.xml 
2026-09-26 16:25:03,627 1 INFO odoo odoo.modules.loading: loading website/views/snippets/s_attributes_vertical.xml 
2026-09-26 16:25:03,641 1 INFO odoo odoo.modules.loading: loading website/views/snippets/s_product_list.xml 
2026-09-26 16:25:03,661 1 INFO odoo odoo.modules.loading: loading website/views/snippets/s_mega_menu_multi_menus.xml 
2026-09-26 16:25:03,675 1 INFO odoo odoo.modules.loading: loading website/views/snippets/s_mega_menu_menu_image_menu.xml 
2026-09-26 16:25:03,686 1 INFO odoo odoo.modules.loading: loading website/views/snippets/s_mega_menu_thumbnails.xml 
2026-09-26 16:25:03,705 1 INFO odoo odoo.modules.loading: loading website/views/snippets/s_mega_menu_little_icons.xml 
2026-09-26 16:25:03,721 1 INFO odoo odoo.modules.loading: loading website/views/snippets/s_mega_menu_images_subtitles.xml 
2026-09-26 16:25:03,743 1 INFO odoo odoo.modules.loading: loading website/views/snippets/s_mega_menu_menus_logos.xml 
2026-09-26 16:25:03,761 1 INFO odoo odoo.modules.loading: loading website/views/snippets/s_mega_menu_odoo_menu.xml 
2026-09-26 16:25:03,777 1 INFO odoo odoo.modules.loading: loading website/views/snippets/s_mega_menu_big_icons_subtitles.xml 
2026-09-26 16:25:03,800 1 INFO odoo odoo.modules.loading: loading website/views/snippets/s_mega_menu_cards.xml 
2026-09-26 16:25:03,821 1 INFO odoo odoo.modules.loading: loading website/views/snippets/s_google_map.xml 
2026-09-26 16:25:03,835 1 INFO odoo odoo.modules.loading: loading website/views/snippets/s_cta_mockups.xml 
2026-09-26 16:25:03,849 1 INFO odoo odoo.modules.loading: loading website/views/snippets/s_map.xml 
2026-09-26 16:25:03,864 1 INFO odoo odoo.modules.loading: loading website/views/snippets/s_dynamic_snippet.xml 
2026-09-26 16:25:03,885 1 INFO odoo odoo.modules.loading: loading website/views/snippets/s_dynamic_snippet_carousel.xml 
2026-09-26 16:25:03,901 1 INFO odoo odoo.modules.loading: loading website/views/snippets/s_banner_product.xml 
2026-09-26 16:25:03,911 1 INFO odoo odoo.modules.loading: loading website/views/snippets/s_embed_code.xml 
2026-09-26 16:25:03,923 1 INFO odoo odoo.modules.loading: loading website/views/snippets/s_website_form.xml 
2026-09-26 16:25:03,944 1 INFO odoo odoo.modules.loading: loading website/views/snippets/s_website_form_overlay.xml 
2026-09-26 16:25:03,953 1 INFO odoo odoo.modules.loading: loading website/views/snippets/s_title_form.xml 
2026-09-26 16:25:03,963 1 INFO odoo odoo.modules.loading: loading website/views/snippets/s_searchbar.xml 
2026-09-26 16:25:03,982 1 INFO odoo odoo.modules.loading: loading website/views/snippets/s_inline_text.xml 
2026-09-26 16:25:03,992 1 INFO odoo odoo.modules.loading: loading website/views/snippets/s_button.xml 
2026-09-26 16:25:04,002 1 INFO odoo odoo.modules.loading: loading website/views/snippets/s_freegrid.xml 
2026-09-26 16:25:04,011 1 INFO odoo odoo.modules.loading: loading website/views/snippets/s_card_offset.xml 
2026-09-26 16:25:04,021 1 INFO odoo odoo.modules.loading: loading website/views/snippets/s_image.xml 
2026-09-26 16:25:04,032 1 INFO odoo odoo.modules.loading: loading website/views/snippets/s_video.xml 
2026-09-26 16:25:04,041 1 INFO odoo odoo.modules.loading: loading website/views/snippets/s_cta_badge.xml 
2026-09-26 16:25:04,051 1 INFO odoo odoo.modules.loading: loading website/views/snippets/s_unveil.xml 
2026-09-26 16:25:04,062 1 INFO odoo odoo.modules.loading: loading website/views/snippets/s_image_hexagonal.xml 
2026-09-26 16:25:04,075 1 INFO odoo odoo.modules.loading: loading website/views/snippets/s_striped_center_top.xml 
2026-09-26 16:25:04,089 1 INFO odoo odoo.modules.loading: loading website/views/snippets/s_numbers_list.xml 
2026-09-26 16:25:04,100 1 INFO odoo odoo.modules.loading: loading website/views/snippets/s_quadrant.xml 
2026-09-26 16:25:04,113 1 INFO odoo odoo.modules.loading: loading website/views/snippets/s_cta_card.xml 
2026-09-26 16:25:04,126 1 INFO odoo odoo.modules.loading: loading website/views/snippets/s_image_frame.xml 
2026-09-26 16:25:04,139 1 INFO odoo odoo.modules.loading: loading website/views/snippets/s_cta_mobile.xml 
2026-09-26 16:25:04,149 1 INFO odoo odoo.modules.loading: loading website/views/snippets/s_reviews_wall.xml 
2026-09-26 16:25:04,166 1 INFO odoo odoo.modules.loading: loading website/views/snippets/s_website_form_cover.xml 
2026-09-26 16:25:04,179 1 INFO odoo odoo.modules.loading: loading website/views/snippets/s_form_aside.xml 
2026-09-26 16:25:04,190 1 INFO odoo odoo.modules.loading: loading website/views/snippets/s_banner_connected.xml 
2026-09-26 16:25:04,202 1 INFO odoo odoo.modules.loading: loading website/views/snippets/s_ecomm_categories_showcase.xml 
2026-09-26 16:25:04,219 1 INFO odoo odoo.modules.loading: loading website/views/snippets/s_banner_categories.xml 
2026-09-26 16:25:04,236 1 INFO odoo odoo.modules.loading: loading website/views/new_page_template_templates.xml 
2026-09-26 16:25:06,281 1 INFO odoo odoo.addons.website.models.ir_module_module: Generated 227 primary snippet templates for 'website' 
2026-09-26 16:25:06,401 1 INFO odoo odoo.addons.website.models.ir_module_module: Generated 39 primary page templates for 'website' 
2026-09-26 16:25:06,401 1 INFO odoo odoo.modules.loading: loading website/views/website_views.xml 
2026-09-26 16:25:06,741 1 INFO odoo odoo.modules.loading: loading website/views/website_pages_views.xml 
2026-09-26 16:25:06,864 1 INFO odoo odoo.modules.loading: loading website/views/website_controller_pages_views.xml 
2026-09-26 16:25:06,917 1 INFO odoo odoo.modules.loading: loading website/views/website_visitor_views.xml 
2026-09-26 16:25:07,063 1 INFO odoo odoo.modules.loading: loading website/views/res_config_settings_views.xml 
2026-09-26 16:25:07,230 1 INFO odoo odoo.modules.loading: loading website/views/website_rewrite.xml 
2026-09-26 16:25:07,276 1 INFO odoo odoo.modules.loading: loading website/views/ir_actions_server_views.xml 
2026-09-26 16:25:07,321 1 INFO odoo odoo.modules.loading: loading website/views/ir_asset_views.xml 
2026-09-26 16:25:07,355 1 INFO odoo odoo.modules.loading: loading website/views/ir_attachment_views.xml 
2026-09-26 16:25:07,387 1 INFO odoo odoo.modules.loading: loading website/views/ir_model_views.xml 
2026-09-26 16:25:07,434 1 INFO odoo odoo.modules.loading: loading website/views/res_partner_views.xml 
2026-09-26 16:25:07,476 1 INFO odoo odoo.modules.loading: loading website/views/neutralize_views.xml 
2026-09-26 16:25:07,495 1 INFO odoo odoo.modules.loading: loading website/wizard/base_language_install_views.xml 
2026-09-26 16:25:07,513 1 INFO odoo odoo.modules.loading: loading website/wizard/blocked_third_party_domains.xml 
2026-09-26 16:25:07,526 1 INFO odoo odoo.modules.loading: loading website/wizard/website_robots.xml 
2026-09-26 16:25:07,538 1 INFO odoo odoo.modules.loading: loading website/data/update_theme_images.xml 
2026-09-26 16:25:07,620 1 INFO odoo odoo.modules.loading: loading website/views/website_templates_svg.xml 
2026-09-26 16:25:07,630 1 INFO odoo odoo.modules.loading: Module website: loading demo 
2026-09-26 16:25:07,630 1 INFO odoo odoo.modules.loading: loading website/data/website_demo.xml 
2026-09-26 16:25:07,860 1 INFO odoo odoo.modules.loading: loading website/data/website_visitor_demo.xml 
2026-09-26 16:25:08,024 1 INFO odoo odoo.modules.loading: Module website loaded in 13.44s, 9176 queries (+9176 other) 
2026-09-26 16:25:08,024 1 INFO odoo odoo.modules.loading: Loading module account_add_gln (56/88) 
2026-09-26 16:25:08,066 1 INFO odoo odoo.registry: module account_add_gln: creating or updating database tables 
2026-09-26 16:25:08,211 1 INFO odoo odoo.modules.loading: loading account_add_gln/views/res_partner_views.xml 
2026-09-26 16:25:08,273 1 INFO odoo odoo.modules.loading: Module account_add_gln loaded in 0.25s, 107 queries (+107 other) 
2026-09-26 16:25:08,273 1 INFO odoo odoo.modules.loading: Loading module account_edi_ubl_cii (57/88) 
2026-09-26 16:25:08,342 1 INFO odoo odoo.registry: module account_edi_ubl_cii: creating or updating database tables 
2026-09-26 16:25:08,385 1 INFO odoo odoo.models: Prepare computation of res.partner.peppol_endpoint 
2026-09-26 16:25:08,385 1 INFO odoo odoo.models: Prepare computation of res.partner.peppol_eas 
2026-09-26 16:25:08,620 1 INFO odoo odoo.modules.loading: loading account_edi_ubl_cii/data/cii_22_templates.xml 
2026-09-26 16:25:08,685 1 INFO odoo odoo.modules.loading: loading account_edi_ubl_cii/data/ir_config_parameter_data.xml 
2026-09-26 16:25:08,694 1 INFO odoo odoo.modules.loading: loading account_edi_ubl_cii/views/account_tax_views.xml 
2026-09-26 16:25:08,727 1 INFO odoo odoo.modules.loading: loading account_edi_ubl_cii/views/account_move_views.xml 
2026-09-26 16:25:08,757 1 INFO odoo odoo.modules.loading: loading account_edi_ubl_cii/views/res_partner_views.xml 
2026-09-26 16:25:08,791 1 INFO odoo odoo.modules.loading: loading account_edi_ubl_cii/report/account_edi_ubl_cii_report_templates.xml 
2026-09-26 16:25:08,921 1 INFO odoo odoo.modules.loading: Module account_edi_ubl_cii loaded in 0.65s, 420 queries (+420 other) 
2026-09-26 16:25:08,922 1 INFO odoo odoo.modules.loading: Loading module account_payment (58/88) 
2026-09-26 16:25:08,973 1 INFO odoo odoo.registry: module account_payment: creating or updating database tables 
2026-09-26 16:25:09,026 1 INFO odoo odoo.models: Prepare computation of account.payment.method.line.payment_provider_id 
2026-09-26 16:25:09,277 1 INFO odoo odoo.modules.loading: loading account_payment/data/ir_config_parameter.xml 
2026-09-26 16:25:09,288 1 INFO odoo odoo.modules.loading: loading account_payment/security/ir.model.access.csv 
2026-09-26 16:25:09,304 1 INFO odoo odoo.modules.loading: loading account_payment/security/ir_rules.xml 
2026-09-26 16:25:09,316 1 INFO odoo odoo.modules.loading: loading account_payment/views/account_payment_menus.xml 
2026-09-26 16:25:09,374 1 INFO odoo odoo.modules.loading: loading account_payment/views/account_portal_templates.xml 
2026-09-26 16:25:09,592 1 INFO odoo odoo.modules.loading: loading account_payment/views/account_move_views.xml 
2026-09-26 16:25:09,671 1 INFO odoo odoo.modules.loading: loading account_payment/views/account_journal_views.xml 
2026-09-26 16:25:09,702 1 INFO odoo odoo.modules.loading: loading account_payment/views/account_payment_views.xml 
2026-09-26 16:25:09,722 1 INFO odoo odoo.modules.loading: loading account_payment/views/payment_form_templates.xml 
2026-09-26 16:25:09,735 1 INFO odoo odoo.modules.loading: loading account_payment/views/payment_provider_views.xml 
2026-09-26 16:25:09,758 1 INFO odoo odoo.modules.loading: loading account_payment/views/payment_transaction_views.xml 
2026-09-26 16:25:09,777 1 INFO odoo odoo.modules.loading: loading account_payment/wizards/account_payment_register_views.xml 
2026-09-26 16:25:09,802 1 INFO odoo odoo.modules.loading: loading account_payment/wizards/payment_link_wizard_views.xml 
2026-09-26 16:25:09,829 1 INFO odoo odoo.modules.loading: loading account_payment/wizards/payment_refund_wizard_views.xml 
2026-09-26 16:25:09,848 1 INFO odoo odoo.modules.loading: loading account_payment/wizards/res_config_settings_views.xml 
2026-09-26 16:25:09,970 1 INFO odoo odoo.modules.loading: Module account_payment loaded in 1.05s, 604 queries (+604 other) 
2026-09-26 16:25:09,970 1 INFO odoo odoo.modules.loading: Loading module l10n_us_account (59/88) 
2026-09-26 16:25:09,985 1 INFO odoo odoo.registry: module l10n_us_account: creating or updating database tables 
2026-09-26 16:25:10,055 1 INFO odoo odoo.modules.loading: loading l10n_us_account/views/res_bank_views.xml 
2026-09-26 16:25:10,094 1 INFO odoo odoo.modules.loading: loading l10n_us_account/data/tax_report.xml 
2026-09-26 16:25:10,127 1 INFO odoo odoo.modules.loading: loading l10n_us_account/data/uom_data.xml 
2026-09-26 16:25:10,151 1 INFO odoo odoo.modules.loading: Module l10n_us_account: loading demo 
2026-09-26 16:25:10,152 1 INFO odoo odoo.modules.loading: loading l10n_us_account/demo/demo_company.xml 
2026-09-26 16:25:14,819 1 INFO odoo odoo.addons.mail.models.mail_mail: Processed batch of 1 mail.mail records via mail server ID #False 
2026-09-26 16:25:14,832 1 INFO odoo odoo.addons.mail.models.mail_mail: Processed batch of 1 mail.mail records via mail server ID #False 
2026-09-26 16:25:14,841 1 INFO odoo odoo.addons.mail.models.mail_mail: Processed batch of 1 mail.mail records via mail server ID #False 
2026-09-26 16:25:14,852 1 INFO odoo odoo.addons.mail.models.mail_mail: Processed batch of 1 mail.mail records via mail server ID #False 
2026-09-26 16:25:14,895 1 INFO odoo odoo.modules.loading: Module l10n_us_account loaded in 4.93s, 3158 queries (+3216 other) 
2026-09-26 16:25:14,895 1 INFO odoo odoo.modules.loading: Loading module mrp (60/88) 
2026-09-26 16:25:15,040 1 INFO odoo odoo.registry: module mrp: creating or updating database tables 
2026-09-26 16:25:16,627 1 INFO odoo odoo.modules.loading: loading mrp/security/mrp_security.xml 
2026-09-26 16:25:16,772 1 INFO odoo odoo.modules.loading: loading mrp/security/ir.model.access.csv 
2026-09-26 16:25:16,814 1 INFO odoo odoo.modules.loading: loading mrp/data/digest_data.xml 
2026-09-26 16:25:16,821 1 INFO odoo odoo.modules.loading: loading mrp/data/mail_templates.xml 
2026-09-26 16:25:16,848 1 INFO odoo odoo.modules.loading: loading mrp/data/mrp_data.xml 
2026-09-26 16:25:17,139 1 INFO odoo odoo.modules.loading: loading mrp/data/mail_message_subtype_data.xml 
2026-09-26 16:25:17,175 1 INFO odoo odoo.modules.loading: loading mrp/wizard/change_production_qty_views.xml 
2026-09-26 16:25:17,197 1 INFO odoo odoo.modules.loading: loading mrp/wizard/mrp_workcenter_block_view.xml 
2026-09-26 16:25:17,226 1 INFO odoo odoo.modules.loading: loading mrp/wizard/stock_warn_insufficient_qty_views.xml 
2026-09-26 16:25:17,252 1 INFO odoo odoo.modules.loading: loading mrp/wizard/mrp_production_backorder.xml 
2026-09-26 16:25:17,272 1 INFO odoo odoo.modules.loading: loading mrp/wizard/mrp_consumption_warning_views.xml 
2026-09-26 16:25:17,299 1 INFO odoo odoo.modules.loading: loading mrp/wizard/mrp_production_split.xml 
2026-09-26 16:25:17,344 1 INFO odoo odoo.modules.loading: loading mrp/wizard/mrp_production_serial_numbers.xml 
2026-09-26 16:25:17,362 1 INFO odoo odoo.modules.loading: loading mrp/views/mrp_views_menus.xml 
2026-09-26 16:25:17,397 1 INFO odoo odoo.modules.loading: loading mrp/views/stock_move_views.xml 
2026-09-26 16:25:17,495 1 INFO odoo odoo.modules.loading: loading mrp/views/mrp_workorder_views.xml 
2026-09-26 16:25:17,697 1 INFO odoo odoo.modules.loading: loading mrp/views/mrp_workcenter_views.xml 
2026-09-26 16:25:17,922 1 INFO odoo odoo.modules.loading: loading mrp/views/mrp_bom_views.xml 
2026-09-26 16:25:18,026 1 INFO odoo odoo.modules.loading: loading mrp/views/mrp_production_views.xml 
2026-09-26 16:25:18,326 1 INFO odoo odoo.modules.loading: loading mrp/views/mrp_routing_views.xml 
2026-09-26 16:25:18,411 1 INFO odoo odoo.modules.loading: loading mrp/views/product_document_views.xml 
2026-09-26 16:25:18,429 1 INFO odoo odoo.modules.loading: loading mrp/views/product_views.xml 
2026-09-26 16:25:18,576 1 INFO odoo odoo.modules.loading: loading mrp/views/stock_orderpoint_views.xml 
2026-09-26 16:25:18,609 1 INFO odoo odoo.modules.loading: loading mrp/views/stock_warehouse_views.xml 
2026-09-26 16:25:18,628 1 INFO odoo odoo.modules.loading: loading mrp/views/stock_picking_views.xml 
2026-09-26 16:25:18,695 1 INFO odoo odoo.modules.loading: loading mrp/views/stock_rule_views.xml 
2026-09-26 16:25:18,718 1 INFO odoo odoo.modules.loading: loading mrp/views/mrp_unbuild_views.xml 
2026-09-26 16:25:18,791 1 INFO odoo odoo.modules.loading: loading mrp/views/res_config_settings_views.xml 
2026-09-26 16:25:18,836 1 INFO odoo odoo.modules.loading: loading mrp/views/stock_scrap_views.xml 
2026-09-26 16:25:18,892 1 INFO odoo odoo.modules.loading: loading mrp/wizard/stock_replenishment_info.xml 
2026-09-26 16:25:18,920 1 INFO odoo odoo.modules.loading: loading mrp/report/report_deliveryslip.xml 
2026-09-26 16:25:18,951 1 INFO odoo odoo.modules.loading: loading mrp/report/mrp_report_views_main.xml 
2026-09-26 16:25:18,977 1 INFO odoo odoo.modules.loading: loading mrp/report/mrp_report_bom_structure.xml 
2026-09-26 16:25:19,008 1 INFO odoo odoo.modules.loading: loading mrp/report/mrp_report_mo_overview.xml 
2026-09-26 16:25:19,062 1 INFO odoo odoo.modules.loading: loading mrp/report/mrp_production_templates.xml 
2026-09-26 16:25:19,092 1 INFO odoo odoo.modules.loading: loading mrp/report/report_stock_reception.xml 
2026-09-26 16:25:19,097 1 INFO odoo odoo.modules.loading: loading mrp/report/report_stock_rule.xml 
2026-09-26 16:25:19,114 1 INFO odoo odoo.modules.loading: loading mrp/report/mrp_zebra_production_templates.xml 
2026-09-26 16:25:19,124 1 INFO odoo odoo.modules.loading: loading mrp/report/mrp_workorder_templates.xml 
2026-09-26 16:25:19,136 1 INFO odoo odoo.modules.loading: Module mrp: loading demo 
2026-09-26 16:25:19,136 1 INFO odoo odoo.modules.loading: loading mrp/data/mrp_demo.xml 
2026-09-26 16:25:19,736 1 INFO odoo odoo.models.unlink: User #1 deleted stock.move records with IDs: [33] 
2026-09-26 16:25:20,881 1 INFO odoo odoo.models.unlink: User #1 deleted stock.move records with IDs: [39] 
2026-09-26 16:25:21,192 1 INFO odoo odoo.models.unlink: User #1 deleted stock.move records with IDs: [42] 
2026-09-26 16:25:23,896 1 INFO odoo odoo.modules.loading: Module mrp loaded in 9.00s, 5467 queries (+5468 other) 
2026-09-26 16:25:23,896 1 INFO odoo odoo.modules.loading: Loading module snailmail_account (61/88) 
2026-09-26 16:25:23,956 1 INFO odoo odoo.registry: module snailmail_account: creating or updating database tables 
2026-09-26 16:25:24,287 1 INFO odoo odoo.modules.loading: loading snailmail_account/views/res_config_settings_views.xml 
2026-09-26 16:25:24,381 1 INFO odoo odoo.modules.loading: Module snailmail_account loaded in 0.49s, 200 queries (+200 other) 
2026-09-26 16:25:24,381 1 INFO odoo odoo.modules.loading: Loading module spreadsheet_account (62/88) 
2026-09-26 16:25:24,413 1 INFO odoo odoo.registry: module spreadsheet_account: creating or updating database tables 
2026-09-26 16:25:24,569 1 INFO odoo odoo.modules.loading: Module spreadsheet_account loaded in 0.19s, 56 queries (+56 other) 
2026-09-26 16:25:24,569 1 INFO odoo odoo.modules.loading: Loading module spreadsheet_dashboard_account (63/88) 
2026-09-26 16:25:24,599 1 INFO odoo odoo.modules.loading: loading spreadsheet_dashboard_account/data/dashboards.xml 
2026-09-26 16:25:24,707 1 INFO odoo odoo.modules.loading: Module spreadsheet_dashboard_account loaded in 0.14s, 27 queries (+27 other) 
2026-09-26 16:25:24,707 1 INFO odoo odoo.modules.loading: Loading module stock_account (64/88) 
2026-09-26 16:25:24,818 1 INFO odoo odoo.registry: module stock_account: creating or updating database tables 
2026-09-26 16:25:24,951 1 INFO odoo odoo.models: Prepare computation of product.template.lot_valuated 
2026-09-26 16:25:25,007 1 INFO odoo odoo.models: Prepare computation of stock.move.is_in 
2026-09-26 16:25:25,007 1 INFO odoo odoo.models: Prepare computation of stock.move.is_out 
2026-09-26 16:25:25,007 1 INFO odoo odoo.models: Prepare computation of stock.move.is_dropship 
2026-09-26 16:25:25,705 1 INFO odoo odoo.modules.loading: loading stock_account/security/stock_account_security.xml 
2026-09-26 16:25:25,738 1 INFO odoo odoo.modules.loading: loading stock_account/security/ir.model.access.csv 
2026-09-26 16:25:25,790 1 INFO odoo odoo.modules.loading: loading stock_account/data/stock_account_data.xml 
2026-09-26 16:25:25,899 1 INFO odoo odoo.modules.loading: loading stock_account/views/account_account_views.xml 
2026-09-26 16:25:25,973 1 INFO odoo odoo.modules.loading: loading stock_account/views/stock_account_views.xml 
2026-09-26 16:25:26,012 1 INFO odoo odoo.modules.loading: loading stock_account/views/res_config_settings_views.xml 
2026-09-26 16:25:26,069 1 INFO odoo odoo.modules.loading: loading stock_account/views/report_invoice.xml 
2026-09-26 16:25:26,109 1 INFO odoo odoo.modules.loading: loading stock_account/views/stock_quant_views.xml 
2026-09-26 16:25:26,505 1 INFO odoo odoo.modules.loading: loading stock_account/views/product_views.xml 
2026-09-26 16:25:26,647 1 INFO odoo odoo.modules.loading: loading stock_account/views/product_value_views.xml 
2026-09-26 16:25:26,669 1 INFO odoo odoo.modules.loading: loading stock_account/views/stock_location_views.xml 
2026-09-26 16:25:26,692 1 INFO odoo odoo.modules.loading: loading stock_account/views/stock_lot_views.xml 
2026-09-26 16:25:26,712 1 INFO odoo odoo.modules.loading: loading stock_account/views/stock_picking_views.xml 
2026-09-26 16:25:26,741 1 INFO odoo odoo.modules.loading: loading stock_account/views/stock_move_views.xml 
2026-09-26 16:25:26,809 1 INFO odoo odoo.modules.loading: loading stock_account/wizard/stock_inventory_adjustment_name_views.xml 
2026-09-26 16:25:26,828 1 INFO odoo odoo.modules.loading: loading stock_account/report/account_invoice_report_view.xml 
2026-09-26 16:25:26,837 1 INFO odoo odoo.modules.loading: loading stock_account/report/stock_avco_audit_report_views.xml 
2026-09-26 16:25:26,857 1 INFO odoo odoo.modules.loading: loading stock_account/report/stock_valuation_report.xml 
2026-09-26 16:25:28,336 1 INFO odoo odoo.modules.loading: Module stock_account loaded in 3.63s, 2602 queries (+2602 other) 
2026-09-26 16:25:28,336 1 INFO odoo odoo.modules.loading: Loading module stock_sms (65/88) 
2026-09-26 16:25:28,375 1 INFO odoo odoo.registry: module stock_sms: creating or updating database tables 
2026-09-26 16:25:28,549 1 INFO odoo odoo.modules.loading: loading stock_sms/data/sms_data.xml 
2026-09-26 16:25:28,565 1 INFO odoo odoo.modules.loading: loading stock_sms/views/res_config_settings_views.xml 
2026-09-26 16:25:28,626 1 INFO odoo odoo.modules.loading: loading stock_sms/wizard/confirm_stock_sms_views.xml 
2026-09-26 16:25:28,642 1 INFO odoo odoo.modules.loading: loading stock_sms/security/ir.model.access.csv 
2026-09-26 16:25:28,661 1 INFO odoo odoo.modules.loading: loading stock_sms/security/sms_security.xml 
2026-09-26 16:25:28,758 1 INFO odoo odoo.modules.loading: Module stock_sms loaded in 0.42s, 225 queries (+225 other) 
2026-09-26 16:25:28,758 1 INFO odoo odoo.modules.loading: Loading module website_mail (66/88) 
2026-09-26 16:25:28,781 1 INFO odoo odoo.registry: module website_mail: creating or updating database tables 
2026-09-26 16:25:28,812 1 INFO odoo odoo.modules.loading: loading website_mail/views/website_mail_templates.xml 
2026-09-26 16:25:28,902 1 INFO odoo odoo.modules.loading: Module website_mail loaded in 0.14s, 33 queries (+33 other) 
2026-09-26 16:25:28,902 1 INFO odoo odoo.modules.loading: Loading module website_sms (67/88) 
2026-09-26 16:25:28,921 1 INFO odoo odoo.registry: module website_sms: creating or updating database tables 
2026-09-26 16:25:28,964 1 INFO odoo odoo.modules.loading: loading website_sms/views/website_visitor_views.xml 
2026-09-26 16:25:29,103 1 INFO odoo odoo.modules.loading: Module website_sms loaded in 0.20s, 70 queries (+70 other) 
2026-09-26 16:25:29,103 1 INFO odoo odoo.modules.loading: Loading module mrp_account (68/88) 
2026-09-26 16:25:29,186 1 INFO odoo odoo.registry: module mrp_account: creating or updating database tables 
2026-09-26 16:25:29,216 1 INFO odoo odoo.models: Prepare computation of mrp.workcenter.analytic_distribution 
2026-09-26 16:25:29,952 1 INFO odoo odoo.modules.loading: loading mrp_account/security/ir.model.access.csv 
2026-09-26 16:25:29,972 1 INFO odoo odoo.modules.loading: loading mrp_account/views/product_views.xml 
2026-09-26 16:25:30,109 1 INFO odoo odoo.modules.loading: loading mrp_account/views/mrp_production_views.xml 
2026-09-26 16:25:30,156 1 INFO odoo odoo.modules.loading: loading mrp_account/views/analytic_account_views.xml 
2026-09-26 16:25:30,176 1 INFO odoo odoo.modules.loading: loading mrp_account/views/account_move_views.xml 
2026-09-26 16:25:30,213 1 INFO odoo odoo.modules.loading: loading mrp_account/views/mrp_workcenter_views.xml 
2026-09-26 16:25:30,242 1 INFO odoo odoo.modules.loading: loading mrp_account/report/report_mrp_templates.xml 
2026-09-26 16:25:30,266 1 INFO odoo odoo.modules.loading: loading mrp_account/wizard/mrp_wip_accounting.xml 
2026-09-26 16:25:30,288 1 INFO odoo odoo.modules.loading: Module mrp_account: loading demo 
2026-09-26 16:25:30,289 1 INFO odoo odoo.modules.loading: loading mrp_account/data/mrp_account_demo.xml 
2026-09-26 16:25:30,707 1 INFO odoo odoo.models.unlink: User #1 deleted stock.move.line records with IDs: [47, 48, 49, 50] 
2026-09-26 16:25:31,398 1 INFO odoo odoo.modules.loading: Module mrp_account loaded in 2.30s, 1412 queries (+1412 other) 
2026-09-26 16:25:31,398 1 INFO odoo odoo.modules.loading: Loading module sale (69/88) 
2026-09-26 16:25:31,514 1 INFO odoo odoo.registry: module sale: creating or updating database tables 
2026-09-26 16:25:31,533 1 INFO odoo odoo.models: Prepare computation of account.move.team_id 
2026-09-26 16:25:31,630 1 INFO odoo odoo.models: Prepare computation of product.template.service_type 
2026-09-26 16:25:31,630 1 INFO odoo odoo.models: Prepare computation of product.template.expense_policy 
2026-09-26 16:25:31,630 1 INFO odoo odoo.models: Prepare computation of product.template.invoice_policy 
2026-09-26 16:25:32,668 1 INFO odoo odoo.modules.loading: loading sale/security/ir.model.access.csv 
2026-09-26 16:25:33,017 1 INFO odoo odoo.modules.loading: loading sale/security/res_groups.xml 
2026-09-26 16:25:33,030 1 INFO odoo odoo.modules.loading: loading sale/security/ir_rules.xml 
2026-09-26 16:25:33,260 1 INFO odoo odoo.modules.loading: loading sale/report/account_invoice_report_views.xml 
2026-09-26 16:25:33,316 1 INFO odoo odoo.modules.loading: loading sale/report/ir_actions_report_templates.xml 
2026-09-26 16:25:33,377 1 INFO odoo odoo.modules.loading: loading sale/report/ir_actions_report.xml 
2026-09-26 16:25:33,390 1 INFO odoo odoo.modules.loading: loading sale/report/sale_report_views.xml 
2026-09-26 16:25:33,480 1 INFO odoo odoo.modules.loading: loading sale/data/ir_cron.xml 
2026-09-26 16:25:33,542 1 INFO odoo odoo.modules.loading: loading sale/data/ir_sequence_data.xml 
2026-09-26 16:25:33,548 1 INFO odoo odoo.modules.loading: loading sale/data/mail_message_subtype_data.xml 
2026-09-26 16:25:33,581 1 INFO odoo odoo.modules.loading: loading sale/data/mail_template_data.xml 
2026-09-26 16:25:33,622 1 INFO odoo odoo.modules.loading: loading sale/data/sale_tour.xml 
2026-09-26 16:25:33,630 1 INFO odoo odoo.modules.loading: loading sale/data/ir_config_parameter.xml 
2026-09-26 16:25:33,647 1 INFO odoo odoo.modules.loading: loading sale/wizard/account_accrued_orders_wizard_views.xml 
2026-09-26 16:25:33,663 1 INFO odoo odoo.modules.loading: loading sale/wizard/mass_cancel_orders_views.xml 
2026-09-26 16:25:33,684 1 INFO odoo odoo.modules.loading: loading sale/wizard/payment_link_wizard_views.xml 
2026-09-26 16:25:33,709 1 INFO odoo odoo.modules.loading: loading sale/wizard/res_config_settings_views.xml 
2026-09-26 16:25:33,794 1 INFO odoo odoo.modules.loading: loading sale/wizard/sale_make_invoice_advance_views.xml 
2026-09-26 16:25:33,815 1 INFO odoo odoo.modules.loading: loading sale/wizard/sale_order_discount_views.xml 
2026-09-26 16:25:33,829 1 INFO odoo odoo.modules.loading: loading sale/views/sale_order_views.xml 
2026-09-26 16:25:34,153 1 INFO odoo odoo.modules.loading: loading sale/views/account_views.xml 
2026-09-26 16:25:34,252 1 INFO odoo odoo.modules.loading: loading sale/views/crm_team_views.xml 
2026-09-26 16:25:34,310 1 INFO odoo odoo.modules.loading: loading sale/views/mail_activity_views.xml 
2026-09-26 16:25:34,317 1 INFO odoo odoo.modules.loading: loading sale/views/mail_activity_plan_views.xml 
2026-09-26 16:25:34,326 1 INFO odoo odoo.modules.loading: loading sale/views/payment_views.xml 
2026-09-26 16:25:34,365 1 INFO odoo odoo.modules.loading: loading sale/views/product_document_views.xml 
2026-09-26 16:25:34,418 1 INFO odoo odoo.modules.loading: loading sale/views/product_pricelist_item_views.xml 
2026-09-26 16:25:34,446 1 INFO odoo odoo.modules.loading: loading sale/views/product_template_views.xml 
2026-09-26 16:25:34,480 1 INFO odoo odoo.modules.loading: loading sale/views/product_views.xml 
2026-09-26 16:25:34,588 1 INFO odoo odoo.modules.loading: loading sale/views/res_partner_views.xml 
2026-09-26 16:25:34,664 1 INFO odoo odoo.modules.loading: loading sale/views/sale_order_line_views.xml 
2026-09-26 16:25:34,701 1 INFO odoo odoo.modules.loading: loading sale/views/sale_portal_templates.xml 
2026-09-26 16:25:34,816 1 INFO odoo odoo.modules.loading: loading sale/views/utm_campaign_views.xml 
2026-09-26 16:25:34,845 1 INFO odoo odoo.modules.loading: loading sale/views/sale_menus.xml 
2026-09-26 16:25:35,075 1 INFO odoo odoo.modules.loading: Module sale: loading demo 
2026-09-26 16:25:35,076 1 INFO odoo odoo.modules.loading: loading sale/data/product_demo.xml 
2026-09-26 16:25:35,573 1 INFO odoo odoo.modules.loading: loading sale/data/sale_demo.xml 
2026-09-26 16:25:37,968 1 INFO odoo odoo.addons.mail.models.mail_mail: Processed batch of 1 mail.mail records via mail server ID #False 
2026-09-26 16:25:37,992 1 INFO odoo odoo.addons.mail.models.mail_mail: Processed batch of 1 mail.mail records via mail server ID #False 
2026-09-26 16:25:38,003 1 INFO odoo odoo.addons.mail.models.mail_mail: Processed batch of 1 mail.mail records via mail server ID #False 
2026-09-26 16:25:38,014 1 INFO odoo odoo.addons.mail.models.mail_mail: Processed batch of 1 mail.mail records via mail server ID #False 
2026-09-26 16:25:38,023 1 INFO odoo odoo.addons.mail.models.mail_mail: Processed batch of 1 mail.mail records via mail server ID #False 
2026-09-26 16:25:38,033 1 INFO odoo odoo.addons.mail.models.mail_mail: Processed batch of 1 mail.mail records via mail server ID #False 
2026-09-26 16:25:38,041 1 INFO odoo odoo.addons.mail.models.mail_mail: Processed batch of 1 mail.mail records via mail server ID #False 
2026-09-26 16:25:38,052 1 INFO odoo odoo.addons.mail.models.mail_mail: Processed batch of 1 mail.mail records via mail server ID #False 
2026-09-26 16:25:38,052 1 INFO odoo odoo.modules.loading: Module sale loaded in 6.65s, 4570 queries (+4638 other) 
2026-09-26 16:25:38,052 1 INFO odoo odoo.modules.loading: Loading module spreadsheet_dashboard_stock_account (70/88) 
2026-09-26 16:25:38,077 1 INFO odoo odoo.modules.loading: loading spreadsheet_dashboard_stock_account/data/dashboards.xml 
2026-09-26 16:25:38,164 1 INFO odoo odoo.modules.loading: Module spreadsheet_dashboard_stock_account loaded in 0.11s, 26 queries (+26 other) 
2026-09-26 16:25:38,164 1 INFO odoo odoo.modules.loading: Loading module website_payment (71/88) 
2026-09-26 16:25:38,195 1 INFO odoo odoo.registry: module website_payment: creating or updating database tables 
2026-09-26 16:25:38,323 1 INFO odoo odoo.modules.loading: loading website_payment/data/mail_templates.xml 
2026-09-26 16:25:38,338 1 INFO odoo odoo.modules.loading: loading website_payment/views/payment_form_templates.xml 
2026-09-26 16:25:38,377 1 INFO odoo odoo.modules.loading: loading website_payment/views/payment_provider.xml 
2026-09-26 16:25:38,416 1 INFO odoo odoo.modules.loading: loading website_payment/views/res_config_settings_views.xml 
2026-09-26 16:25:38,470 1 INFO odoo odoo.modules.loading: loading website_payment/views/snippets/snippets.xml 
2026-09-26 16:25:38,502 1 INFO odoo odoo.modules.loading: loading website_payment/views/snippets/s_donation.xml 
2026-09-26 16:25:38,525 1 INFO odoo odoo.modules.loading: loading website_payment/views/snippets/s_supported_payment_methods.xml 
2026-09-26 16:25:38,561 1 INFO odoo odoo.modules.loading: Module website_payment loaded in 0.40s, 209 queries (+209 other) 
2026-09-26 16:25:38,561 1 INFO odoo odoo.modules.loading: Loading module delivery (72/88) 
2026-09-26 16:25:38,624 1 INFO odoo odoo.registry: module delivery: creating or updating database tables 
2026-09-26 16:25:38,698 1 INFO odoo odoo.models: Prepare computation of sale.order.shipping_weight 
2026-09-26 16:25:39,058 1 INFO odoo odoo.modules.loading: loading delivery/data/delivery_data.xml 
2026-09-26 16:25:39,145 1 INFO odoo odoo.modules.loading: loading delivery/data/payment_method_data.xml 
2026-09-26 16:25:39,163 1 INFO odoo odoo.modules.loading: loading delivery/data/payment_provider_data.xml 
2026-09-26 16:25:39,193 1 INFO odoo odoo.modules.loading: loading delivery/security/ir.model.access.csv 
2026-09-26 16:25:39,239 1 INFO odoo odoo.modules.loading: loading delivery/security/ir_rules.xml 
2026-09-26 16:25:39,250 1 INFO odoo odoo.modules.loading: loading delivery/report/ir_actions_report_templates.xml 
2026-09-26 16:25:39,267 1 INFO odoo odoo.modules.loading: loading delivery/views/delivery_carrier_views.xml 
2026-09-26 16:25:39,329 1 INFO odoo odoo.modules.loading: loading delivery/views/delivery_price_rule_views.xml 
2026-09-26 16:25:39,359 1 INFO odoo odoo.modules.loading: loading delivery/views/delivery_zip_prefix_views.xml 
2026-09-26 16:25:39,377 1 INFO odoo odoo.modules.loading: loading delivery/views/ir_module_module_views.xml 
2026-09-26 16:25:39,439 1 INFO odoo odoo.modules.loading: loading delivery/views/payment_form_templates.xml 
2026-09-26 16:25:39,460 1 INFO odoo odoo.modules.loading: loading delivery/views/payment_provider_views.xml 
2026-09-26 16:25:39,491 1 INFO odoo odoo.modules.loading: loading delivery/views/res_partner_views.xml 
2026-09-26 16:25:39,546 1 INFO odoo odoo.modules.loading: loading delivery/views/sale_order_views.xml 
2026-09-26 16:25:39,594 1 INFO odoo odoo.modules.loading: loading delivery/wizard/res_config_settings_views.xml 
2026-09-26 16:25:39,667 1 INFO odoo odoo.modules.loading: loading delivery/wizard/choose_delivery_carrier_views.xml 
2026-09-26 16:25:39,690 1 INFO odoo odoo.modules.loading: Module delivery: loading demo 
2026-09-26 16:25:39,691 1 INFO odoo odoo.modules.loading: loading delivery/data/delivery_demo.xml 
2026-09-26 16:25:39,936 1 INFO odoo odoo.modules.loading: Module delivery loaded in 1.38s, 887 queries (+887 other) 
2026-09-26 16:25:39,936 1 INFO odoo odoo.modules.loading: Loading module sale_edi_ubl (73/88) 
2026-09-26 16:25:39,976 1 INFO odoo odoo.registry: module sale_edi_ubl: creating or updating database tables 
2026-09-26 16:25:40,107 1 INFO odoo odoo.modules.loading: Module sale_edi_ubl loaded in 0.17s, 86 queries (+86 other) 
2026-09-26 16:25:40,109 1 INFO odoo odoo.modules.loading: Loading module sale_management (74/88) 
2026-09-26 16:25:40,172 1 INFO odoo odoo.registry: module sale_management: creating or updating database tables 
2026-09-26 16:25:40,442 1 INFO odoo odoo.modules.loading: loading sale_management/data/digest_data.xml 
2026-09-26 16:25:40,457 1 INFO odoo odoo.modules.loading: loading sale_management/security/ir.model.access.csv 
2026-09-26 16:25:40,472 1 INFO odoo odoo.modules.loading: loading sale_management/security/sale_management_security.xml 
2026-09-26 16:25:40,487 1 INFO odoo odoo.modules.loading: loading sale_management/views/sale_order_template_views.xml 
2026-09-26 16:25:40,541 1 INFO odoo odoo.modules.loading: loading sale_management/views/digest_views.xml 
2026-09-26 16:25:40,567 1 INFO odoo odoo.modules.loading: loading sale_management/views/res_config_settings_views.xml 
2026-09-26 16:25:40,613 1 INFO odoo odoo.modules.loading: loading sale_management/views/sale_order_views.xml 
2026-09-26 16:25:40,644 1 INFO odoo odoo.modules.loading: loading sale_management/views/sale_portal_templates.xml 
2026-09-26 16:25:40,679 1 INFO odoo odoo.modules.loading: loading sale_management/views/sale_management_menus.xml 
2026-09-26 16:25:40,692 1 INFO odoo odoo.modules.loading: Module sale_management: loading demo 
2026-09-26 16:25:40,693 1 INFO odoo odoo.modules.loading: loading sale_management/data/sale_order_template_demo.xml 
2026-09-26 16:25:40,817 1 INFO odoo odoo.modules.loading: Module sale_management loaded in 0.71s, 445 queries (+445 other) 
2026-09-26 16:25:40,817 1 INFO odoo odoo.modules.loading: Loading module sale_sms (75/88) 
2026-09-26 16:25:40,843 1 INFO odoo odoo.modules.loading: loading sale_sms/security/ir.model.access.csv 
2026-09-26 16:25:40,894 1 INFO odoo odoo.modules.loading: loading sale_sms/security/security.xml 
2026-09-26 16:25:40,923 1 INFO odoo odoo.modules.loading: Module sale_sms loaded in 0.11s, 36 queries (+36 other) 
2026-09-26 16:25:40,923 1 INFO odoo odoo.modules.loading: Loading module sale_stock (76/88) 
2026-09-26 16:25:41,018 1 INFO odoo odoo.registry: module sale_stock: creating or updating database tables 
2026-09-26 16:25:41,114 1 INFO odoo odoo.models: Prepare computation of sale.order.warehouse_id 
2026-09-26 16:25:41,115 1 INFO odoo odoo.models: Prepare computation of sale.order.delivery_status 
2026-09-26 16:25:41,115 1 INFO odoo odoo.models: Prepare computation of sale.order.effective_date 
2026-09-26 16:25:41,128 1 INFO odoo odoo.models: Prepare computation of sale.order.line.warehouse_id 
2026-09-26 16:25:41,612 1 INFO odoo odoo.modules.loading: loading sale_stock/security/sale_stock_security.xml 
2026-09-26 16:25:41,635 1 INFO odoo odoo.modules.loading: loading sale_stock/security/ir.model.access.csv 
2026-09-26 16:25:41,663 1 INFO odoo odoo.modules.loading: loading sale_stock/views/sale_order_views.xml 
2026-09-26 16:25:41,849 1 INFO odoo odoo.modules.loading: loading sale_stock/views/sale_order_line_views.xml 
2026-09-26 16:25:41,865 1 INFO odoo odoo.modules.loading: loading sale_stock/views/stock_route_views.xml 
2026-09-26 16:25:41,889 1 INFO odoo odoo.modules.loading: loading sale_stock/views/res_config_settings_views.xml 
2026-09-26 16:25:41,959 1 INFO odoo odoo.modules.loading: loading sale_stock/views/sale_stock_portal_template.xml 
2026-09-26 16:25:41,998 1 INFO odoo odoo.modules.loading: loading sale_stock/views/stock_lot_views.xml 
2026-09-26 16:25:42,025 1 INFO odoo odoo.modules.loading: loading sale_stock/views/res_users_views.xml 
2026-09-26 16:25:42,109 1 INFO odoo odoo.modules.loading: loading sale_stock/views/stock_picking_views.xml 
2026-09-26 16:25:42,163 1 INFO odoo odoo.modules.loading: loading sale_stock/views/stock_reference_views.xml 
2026-09-26 16:25:42,183 1 INFO odoo odoo.modules.loading: loading sale_stock/report/sale_order_report_templates.xml 
2026-09-26 16:25:42,201 1 INFO odoo odoo.modules.loading: loading sale_stock/report/stock_report_deliveryslip.xml 
2026-09-26 16:25:42,218 1 INFO odoo odoo.modules.loading: loading sale_stock/data/mail_templates.xml 
2026-09-26 16:25:42,237 1 INFO odoo odoo.modules.loading: loading sale_stock/data/sale_stock_data.xml 
2026-09-26 16:25:42,247 1 INFO odoo odoo.modules.loading: loading sale_stock/wizard/stock_rules_report_views.xml 
2026-09-26 16:25:42,266 1 INFO odoo odoo.modules.loading: Module sale_stock: loading demo 
2026-09-26 16:25:42,266 1 INFO odoo odoo.modules.loading: loading sale_stock/data/sale_order_demo.xml 
2026-09-26 16:25:43,146 1 INFO odoo odoo.modules.loading: Module sale_stock loaded in 2.22s, 1326 queries (+1326 other) 
2026-09-26 16:25:43,146 1 INFO odoo odoo.modules.loading: Loading module spreadsheet_dashboard_sale (77/88) 
2026-09-26 16:25:43,175 1 INFO odoo odoo.modules.loading: loading spreadsheet_dashboard_sale/data/dashboards.xml 
2026-09-26 16:25:43,273 1 INFO odoo odoo.modules.loading: Module spreadsheet_dashboard_sale loaded in 0.13s, 32 queries (+32 other) 
2026-09-26 16:25:43,273 1 INFO odoo odoo.modules.loading: Loading module sale_mrp (78/88) 
2026-09-26 16:25:43,310 1 INFO odoo odoo.registry: module sale_mrp: creating or updating database tables 
2026-09-26 16:25:43,519 1 INFO odoo odoo.modules.loading: loading sale_mrp/security/ir.model.access.csv 
2026-09-26 16:25:43,535 1 INFO odoo odoo.modules.loading: loading sale_mrp/views/mrp_production_views.xml 
2026-09-26 16:25:43,575 1 INFO odoo odoo.modules.loading: loading sale_mrp/views/sale_order_views.xml 
2026-09-26 16:25:43,606 1 INFO odoo odoo.modules.loading: loading sale_mrp/views/sale_portal_templates.xml 
2026-09-26 16:25:43,640 1 INFO odoo odoo.modules.loading: Module sale_mrp loaded in 0.37s, 289 queries (+289 other) 
2026-09-26 16:25:43,640 1 INFO odoo odoo.modules.loading: Loading module sale_pdf_quote_builder (79/88) 
2026-09-26 16:25:43,672 1 INFO odoo odoo.registry: module sale_pdf_quote_builder: creating or updating database tables 
2026-09-26 16:25:43,686 1 INFO odoo odoo.models: Prepare computation of product.document.form_field_ids 
2026-09-26 16:25:43,940 1 INFO odoo odoo.modules.loading: loading sale_pdf_quote_builder/data/ir_cron.xml 
2026-09-26 16:25:43,988 1 INFO odoo odoo.modules.loading: loading sale_pdf_quote_builder/data/sale_pdf_form_field.xml 
2026-09-26 16:25:44,002 1 INFO odoo odoo.modules.loading: loading sale_pdf_quote_builder/report/ir_actions_report.xml 
2026-09-26 16:25:44,012 1 INFO odoo odoo.modules.loading: loading sale_pdf_quote_builder/security/ir.model.access.csv 
2026-09-26 16:25:44,040 1 INFO odoo odoo.modules.loading: loading sale_pdf_quote_builder/security/ir_rules.xml 
2026-09-26 16:25:44,054 1 INFO odoo odoo.modules.loading: loading sale_pdf_quote_builder/views/product_document_views.xml 
2026-09-26 16:25:44,086 1 INFO odoo odoo.modules.loading: loading sale_pdf_quote_builder/views/quotation_document_views.xml 
2026-09-26 16:25:44,128 1 INFO odoo odoo.modules.loading: loading sale_pdf_quote_builder/views/sale_order_template_views.xml 
2026-09-26 16:25:44,150 1 INFO odoo odoo.modules.loading: loading sale_pdf_quote_builder/views/sale_order_views.xml 
2026-09-26 16:25:44,184 1 INFO odoo odoo.modules.loading: loading sale_pdf_quote_builder/views/sale_pdf_form_field_views.xml 
2026-09-26 16:25:44,203 1 INFO odoo odoo.modules.loading: loading sale_pdf_quote_builder/views/sale_pdf_quote_builder_menus.xml 
2026-09-26 16:25:44,213 1 INFO odoo odoo.modules.loading: loading sale_pdf_quote_builder/wizards/res_config_settings_views.xml 
2026-09-26 16:25:44,254 1 INFO odoo odoo.modules.loading: Module sale_pdf_quote_builder: loading demo 
2026-09-26 16:25:44,254 1 INFO odoo odoo.modules.loading: loading sale_pdf_quote_builder/data/sale_pdf_quote_builder_demo.xml 
2026-09-26 16:25:44,456 1 INFO odoo odoo.modules.loading: Module sale_pdf_quote_builder loaded in 0.82s, 538 queries (+538 other) 
2026-09-26 16:25:44,456 1 INFO odoo odoo.modules.loading: Loading module stock_delivery (80/88) 
2026-09-26 16:25:44,508 1 INFO odoo odoo.registry: module stock_delivery: creating or updating database tables 
2026-09-26 16:25:44,581 1 INFO odoo odoo.models: Prepare computation of stock.picking.weight 
2026-09-26 16:25:44,783 1 INFO odoo odoo.modules.loading: loading stock_delivery/security/ir.model.access.csv 
2026-09-26 16:25:44,796 1 INFO odoo odoo.modules.loading: loading stock_delivery/views/product_template_view.xml 
2026-09-26 16:25:44,851 1 INFO odoo odoo.modules.loading: loading stock_delivery/views/delivery_view.xml 
2026-09-26 16:25:44,978 1 INFO odoo odoo.modules.loading: loading stock_delivery/views/delivery_portal_template.xml 
2026-09-26 16:25:44,996 1 INFO odoo odoo.modules.loading: loading stock_delivery/views/report_shipping.xml 
2026-09-26 16:25:45,010 1 INFO odoo odoo.modules.loading: loading stock_delivery/views/report_deliveryslip.xml 
2026-09-26 16:25:45,069 1 INFO odoo odoo.modules.loading: loading stock_delivery/views/report_package_barcode.xml 
2026-09-26 16:25:45,110 1 INFO odoo odoo.modules.loading: loading stock_delivery/wizard/choose_delivery_carrier_views.xml 
2026-09-26 16:25:45,128 1 INFO odoo odoo.modules.loading: loading stock_delivery/wizard/stock_put_in_pack_views.xml 
2026-09-26 16:25:45,147 1 INFO odoo odoo.modules.loading: loading stock_delivery/views/stock_package_type_views.xml 
2026-09-26 16:25:45,178 1 INFO odoo odoo.modules.loading: loading stock_delivery/views/stock_picking_type_views.xml 
2026-09-26 16:25:45,197 1 INFO odoo odoo.modules.loading: loading stock_delivery/views/stock_rule_views.xml 
2026-09-26 16:25:45,222 1 INFO odoo odoo.modules.loading: loading stock_delivery/views/stock_move_line_views.xml 
2026-09-26 16:25:45,253 1 INFO odoo odoo.modules.loading: loading stock_delivery/report/product_templates.xml 
2026-09-26 16:25:45,277 1 INFO odoo odoo.modules.loading: Module stock_delivery: loading demo 
2026-09-26 16:25:45,278 1 INFO odoo odoo.modules.loading: loading stock_delivery/data/delivery_demo.xml 
2026-09-26 16:25:45,604 1 INFO odoo odoo.addons.sms.models.sms_sms: Sent batch 1 SMS: [1]: failed with exception Unavailable during module installation. 
2026-09-26 16:25:45,665 1 INFO odoo odoo.modules.loading: Module stock_delivery loaded in 1.21s, 867 queries (+884 other) 
2026-09-26 16:25:45,666 1 INFO odoo odoo.modules.loading: Loading module website_sale (81/88) 
2026-09-26 16:25:45,811 1 INFO odoo odoo.registry: module website_sale: creating or updating database tables 
2026-09-26 16:25:45,970 1 INFO odoo odoo.models: Prepare computation of product.template.base_unit_id 
2026-09-26 16:25:45,970 1 INFO odoo odoo.models: Prepare computation of product.template.base_unit_count 
2026-09-26 16:25:45,973 1 INFO odoo odoo.models: Prepare computation of product.template.is_seo_optimized 
2026-09-26 16:25:45,973 1 INFO odoo odoo.models: Prepare computation of product.template.publish_date 
2026-09-26 16:25:45,974 1 INFO odoo odoo.models: Prepare computation of product.template.rating_last_value 
2026-09-26 16:25:46,090 1 INFO odoo odoo.models: Prepare computation of website.show_line_subtotals_tax_selection 
2026-09-26 16:25:46,090 1 INFO odoo odoo.models: Prepare computation of website.send_abandoned_cart_email_activation_time 
2026-09-26 16:25:46,804 1 INFO odoo odoo.modules.loading: loading website_sale/security/ir.model.access.csv 
2026-09-26 16:25:46,853 1 INFO odoo odoo.modules.loading: loading website_sale/security/ir_rules.xml 
2026-09-26 16:25:46,928 1 INFO odoo odoo.modules.loading: loading website_sale/security/res_groups.xml 
2026-09-26 16:25:47,007 1 INFO odoo odoo.modules.loading: loading website_sale/data/data.xml 
2026-09-26 16:25:47,213 1 INFO odoo odoo.modules.loading: loading website_sale/data/mail_template_data.xml 
2026-09-26 16:25:47,253 1 INFO odoo odoo.modules.loading: loading website_sale/data/product_snippet_template_data.xml 
2026-09-26 16:25:47,289 1 INFO odoo odoo.modules.loading: loading website_sale/data/snippet_category_template_data.xml 
2026-09-26 16:25:47,311 1 INFO odoo odoo.modules.loading: loading website_sale/data/digest_data.xml 
2026-09-26 16:25:47,318 1 INFO odoo odoo.modules.loading: loading website_sale/data/ir_cron_data.xml 
2026-09-26 16:25:47,351 1 INFO odoo odoo.modules.loading: loading website_sale/data/tour.xml 
2026-09-26 16:25:47,358 1 INFO odoo odoo.modules.loading: loading website_sale/report/sale_report_views.xml 
2026-09-26 16:25:47,421 1 INFO odoo odoo.modules.loading: loading website_sale/views/product_tile_templates.xml 
2026-09-26 16:25:47,448 1 INFO odoo odoo.modules.loading: loading website_sale/views/delivery_form_templates.xml 
2026-09-26 16:25:47,469 1 INFO odoo odoo.modules.loading: loading website_sale/views/gmc_templates.xml 
2026-09-26 16:25:47,480 1 INFO odoo odoo.modules.loading: loading website_sale/views/sale_portal_templates.xml 
2026-09-26 16:25:47,522 1 INFO odoo odoo.modules.loading: loading website_sale/views/templates.xml 
2026-09-26 16:25:48,703 1 INFO odoo odoo.modules.loading: loading website_sale/views/templates_svg.xml 
2026-09-26 16:25:48,713 1 INFO odoo odoo.modules.loading: loading website_sale/views/account_move_views.xml 
2026-09-26 16:25:48,750 1 INFO odoo odoo.modules.loading: loading website_sale/views/delivery_carrier_views.xml 
2026-09-26 16:25:48,797 1 INFO odoo odoo.modules.loading: loading website_sale/views/digest_views.xml 
2026-09-26 16:25:48,820 1 INFO odoo odoo.modules.loading: loading website_sale/views/product_attribute_views.xml 
2026-09-26 16:25:48,852 1 INFO odoo odoo.modules.loading: loading website_sale/views/product_document_views.xml 
2026-09-26 16:25:48,912 1 INFO odoo odoo.modules.loading: loading website_sale/views/product_feed_views.xml 
2026-09-26 16:25:48,961 1 INFO odoo odoo.modules.loading: loading website_sale/views/product_image_views.xml 
2026-09-26 16:25:48,988 1 INFO odoo odoo.modules.loading: loading website_sale/views/product_pricelist_item_views.xml 
2026-09-26 16:25:49,017 1 INFO odoo odoo.modules.loading: loading website_sale/views/product_pricelist_views.xml 
2026-09-26 16:25:49,047 1 INFO odoo odoo.modules.loading: loading website_sale/views/product_product_add.xml 
2026-09-26 16:25:49,086 1 INFO odoo odoo.modules.loading: loading website_sale/views/product_public_category_views.xml 
2026-09-26 16:25:49,113 1 INFO odoo odoo.modules.loading: loading website_sale/views/product_ribbon_views.xml 
2026-09-26 16:25:49,140 1 INFO odoo odoo.modules.loading: loading website_sale/views/product_views.xml 
2026-09-26 16:25:49,392 1 INFO odoo odoo.modules.loading: loading website_sale/views/res_config_settings_views.xml 
2026-09-26 16:25:49,616 1 INFO odoo odoo.modules.loading: loading website_sale/views/sale_order_views.xml 
2026-09-26 16:25:49,780 1 INFO odoo odoo.modules.loading: loading website_sale/views/website_base_unit_views.xml 
2026-09-26 16:25:49,787 1 INFO odoo odoo.modules.loading: loading website_sale/views/website_pages_views.xml 
2026-09-26 16:25:49,841 1 INFO odoo odoo.modules.loading: loading website_sale/views/website_sale_menus.xml 
2026-09-26 16:25:50,010 1 INFO odoo odoo.modules.loading: loading website_sale/views/website_sale_visitor_views.xml 
2026-09-26 16:25:50,123 1 INFO odoo odoo.modules.loading: loading website_sale/views/variant_templates.xml 
2026-09-26 16:25:50,152 1 INFO odoo odoo.modules.loading: loading website_sale/views/website_views.xml 
2026-09-26 16:25:50,179 1 INFO odoo odoo.modules.loading: loading website_sale/views/snippets/snippets.xml 
2026-09-26 16:25:50,200 1 INFO odoo odoo.modules.loading: loading website_sale/views/snippets/s_add_to_cart.xml 
2026-09-26 16:25:50,211 1 INFO odoo odoo.modules.loading: loading website_sale/views/snippets/s_dynamic_snippet_products.xml 
2026-09-26 16:25:50,221 1 INFO odoo odoo.modules.loading: loading website_sale/views/snippets/s_dynamic_snippet_categories.xml 
2026-09-26 16:25:50,245 1 INFO odoo odoo.modules.loading: loading website_sale/views/snippets/s_dynamic_snippet_products_preview_data.xml 
2026-09-26 16:25:50,259 1 INFO odoo odoo.modules.loading: loading website_sale/views/snippets/s_dynamic_snippet_category_preview_data.xml 
2026-09-26 16:25:50,270 1 INFO odoo odoo.modules.loading: loading website_sale/views/snippets/s_mega_menu/big_icons_subtitles.xml 
2026-09-26 16:25:50,282 1 INFO odoo odoo.modules.loading: loading website_sale/views/snippets/s_mega_menu/cards.xml 
2026-09-26 16:25:50,292 1 INFO odoo odoo.modules.loading: loading website_sale/views/snippets/s_mega_menu/image_menu.xml 
2026-09-26 16:25:50,304 1 INFO odoo odoo.modules.loading: loading website_sale/views/snippets/s_mega_menu/images_subtitles.xml 
2026-09-26 16:25:50,315 1 INFO odoo odoo.modules.loading: loading website_sale/views/snippets/s_mega_menu/little_icons.xml 
2026-09-26 16:25:50,327 1 INFO odoo odoo.modules.loading: loading website_sale/views/snippets/s_mega_menu/logos.xml 
2026-09-26 16:25:50,341 1 INFO odoo odoo.modules.loading: loading website_sale/views/snippets/s_mega_menu/multi_menus.xml 
2026-09-26 16:25:50,353 1 INFO odoo odoo.modules.loading: loading website_sale/views/snippets/s_mega_menu/odoo_menu.xml 
2026-09-26 16:25:50,364 1 INFO odoo odoo.modules.loading: loading website_sale/views/snippets/s_mega_menu/thumbnails.xml 
2026-09-26 16:25:50,376 1 INFO odoo odoo.modules.loading: loading website_sale/views/generate_primary_template.xml 
2026-09-26 16:25:50,386 1 INFO odoo odoo.modules.loading: Module website_sale: loading demo 
2026-09-26 16:25:50,386 1 INFO odoo odoo.modules.loading: loading website_sale/data/demo.xml 
2026-09-26 16:25:55,865 1 INFO odoo odoo.addons.mail.models.mail_mail: Processed batch of 1 mail.mail records via mail server ID #False 
2026-09-26 16:25:55,875 1 INFO odoo odoo.addons.mail.models.mail_mail: Processed batch of 1 mail.mail records via mail server ID #False 
2026-09-26 16:25:55,885 1 INFO odoo odoo.addons.mail.models.mail_mail: Processed batch of 1 mail.mail records via mail server ID #False 
2026-09-26 16:25:55,895 1 INFO odoo odoo.addons.mail.models.mail_mail: Processed batch of 1 mail.mail records via mail server ID #False 
2026-09-26 16:25:55,909 1 INFO odoo odoo.modules.loading: Module website_sale loaded in 10.24s, 5682 queries (+5718 other) 
2026-09-26 16:25:55,909 1 INFO odoo odoo.modules.loading: Loading module spreadsheet_dashboard_website_sale (82/88) 
2026-09-26 16:25:55,938 1 INFO odoo odoo.modules.loading: loading spreadsheet_dashboard_website_sale/data/dashboards.xml 
2026-09-26 16:25:56,020 1 INFO odoo odoo.modules.loading: Module spreadsheet_dashboard_website_sale loaded in 0.11s, 26 queries (+26 other) 
2026-09-26 16:25:56,021 1 INFO odoo odoo.modules.loading: Loading module website_sale_comparison (83/88) 
2026-09-26 16:25:56,059 1 INFO odoo odoo.registry: module website_sale_comparison: creating or updating database tables 
2026-09-26 16:25:56,201 1 INFO odoo odoo.modules.loading: loading website_sale_comparison/security/ir.model.access.csv 
2026-09-26 16:25:56,223 1 INFO odoo odoo.modules.loading: loading website_sale_comparison/views/website_sale_comparison_template.xml 
2026-09-26 16:25:56,319 1 INFO odoo odoo.modules.loading: loading website_sale_comparison/views/website_sale_comparison_view.xml 
2026-09-26 16:25:56,403 1 INFO odoo odoo.modules.loading: Module website_sale_comparison: loading demo 
2026-09-26 16:25:56,404 1 INFO odoo odoo.modules.loading: loading website_sale_comparison/data/website_sale_comparison_data.xml 
2026-09-26 16:25:56,410 1 INFO odoo odoo.modules.loading: loading website_sale_comparison/data/website_sale_comparison_demo.xml 
2026-09-26 16:25:56,630 1 INFO odoo odoo.modules.loading: Module website_sale_comparison loaded in 0.61s, 379 queries (+379 other) 
2026-09-26 16:25:56,630 1 INFO odoo odoo.modules.loading: Loading module website_sale_stock (84/88) 
2026-09-26 16:25:56,690 1 INFO odoo odoo.registry: module website_sale_stock: creating or updating database tables 
2026-09-26 16:25:56,781 1 INFO odoo odoo.models: Prepare computation of stock.picking.website_id 
2026-09-26 16:25:56,966 1 INFO odoo odoo.modules.loading: loading website_sale_stock/views/product_template_views.xml 
2026-09-26 16:25:57,027 1 INFO odoo odoo.modules.loading: loading website_sale_stock/views/res_config_settings_views.xml 
2026-09-26 16:25:57,074 1 INFO odoo odoo.modules.loading: loading website_sale_stock/views/website_sale_stock_templates.xml 
2026-09-26 16:25:57,102 1 INFO odoo odoo.modules.loading: loading website_sale_stock/views/stock_picking_views.xml 
2026-09-26 16:25:57,126 1 INFO odoo odoo.modules.loading: loading website_sale_stock/views/website_pages_views.xml 
2026-09-26 16:25:57,167 1 INFO odoo odoo.modules.loading: loading website_sale_stock/data/template_email.xml 
2026-09-26 16:25:57,179 1 INFO odoo odoo.modules.loading: loading website_sale_stock/data/ir_cron_data.xml 
2026-09-26 16:25:57,217 1 INFO odoo odoo.modules.loading: Module website_sale_stock: loading demo 
2026-09-26 16:25:57,218 1 INFO odoo odoo.modules.loading: loading website_sale_stock/data/website_sale_stock_demo.xml 
2026-09-26 16:25:57,297 1 INFO odoo odoo.modules.loading: Module website_sale_stock loaded in 0.67s, 413 queries (+413 other) 
2026-09-26 16:25:57,297 1 INFO odoo odoo.modules.loading: Loading module website_sale_wishlist (85/88) 
2026-09-26 16:25:57,369 1 INFO odoo odoo.registry: module website_sale_wishlist: creating or updating database tables 
2026-09-26 16:25:57,622 1 INFO odoo odoo.modules.loading: loading website_sale_wishlist/security/website_sale_wishlist_security.xml 
2026-09-26 16:25:57,641 1 INFO odoo odoo.modules.loading: loading website_sale_wishlist/security/ir.model.access.csv 
2026-09-26 16:25:57,657 1 INFO odoo odoo.modules.loading: loading website_sale_wishlist/views/website_sale_wishlist_template.xml 
2026-09-26 16:25:57,933 1 INFO odoo odoo.modules.loading: loading website_sale_wishlist/views/website_sale_wishlist_template_svg.xml 
2026-09-26 16:25:57,965 1 INFO odoo odoo.modules.loading: Module website_sale_wishlist loaded in 0.67s, 430 queries (+430 other) 
2026-09-26 16:25:57,965 1 INFO odoo odoo.modules.loading: Loading module website_sale_comparison_wishlist (86/88) 
2026-09-26 16:25:57,993 1 INFO odoo odoo.modules.loading: loading website_sale_comparison_wishlist/views/templates.xml 
2026-09-26 16:25:58,073 1 INFO odoo odoo.modules.loading: Module website_sale_comparison_wishlist loaded in 0.11s, 25 queries (+25 other) 
2026-09-26 16:25:58,073 1 INFO odoo odoo.modules.loading: Loading module website_sale_mrp (87/88) 
2026-09-26 16:25:58,095 1 INFO odoo odoo.registry: module website_sale_mrp: creating or updating database tables 
2026-09-26 16:25:58,208 1 INFO odoo odoo.modules.loading: Module website_sale_mrp loaded in 0.13s, 55 queries (+55 other) 
2026-09-26 16:25:58,208 1 INFO odoo odoo.modules.loading: Loading module website_sale_stock_wishlist (88/88) 
2026-09-26 16:25:58,242 1 INFO odoo odoo.registry: module website_sale_stock_wishlist: creating or updating database tables 
2026-09-26 16:25:58,382 1 INFO odoo odoo.modules.loading: loading website_sale_stock_wishlist/views/website_sale_stock_wishlist_templates.xml 
2026-09-26 16:25:58,673 1 INFO odoo odoo.modules.loading: Module website_sale_stock_wishlist loaded in 0.46s, 132 queries (+132 other) 
2026-09-26 16:25:58,673 1 INFO odoo odoo.modules.loading: 88 modules loaded in 130.98s, 84137 queries (+84372 extra) 
2026-09-26 16:25:59,335 1 INFO odoo odoo.registry: verifying fields for every extended model 
2026-09-26 16:26:00,359 1 INFO odoo odoo.modules.loading: Modules loaded. 
2026-09-26 16:26:00,801 1 INFO odoo odoo.registry: Registry changed, signaling through the database 
2026-09-26 16:26:00,803 1 INFO odoo odoo.registry: Registry loaded in 152.311s 
2026-09-26 16:26:00,804 1 INFO odoo odoo.service.server: Initiating shutdown 
2026-09-26 16:26:00,804 1 INFO odoo odoo.service.server: Hit CTRL-C again or send a second signal to force the shutdown. 
2026-09-26 16:26:00,804 1 INFO odoo odoo.sql_db: ConnectionPool(read/write;used=0/count=0/max=64): Closed 2 connections  
exit=0
2026-09-26T13:26:02-03:00
